0.0 , 0.0 , 0.0 , 0.0
0.001 , 0.0 , 0.0016497525111372616 , 0.1499775010124783
0.002 , 0.00016497525111372618 , 0.004941173857462166 , 0.299820032397223
0.003 , 0.0006590926368599428 , 0.009862914640160673 , 0.4493927459900552
0.004 , 0.0016453841008760102 , 0.016400384363485135 , 0.5985610364445968
0.005 , 0.003285422537224524 , 0.024535780886969515 , 0.747190662367996
0.006 , 0.005739000625921475 , 0.034248124653932496 , 0.8951478671291209
0.007 , 0.009163813091314725 , 0.0455132976399671 , 1.0422994992304977
0.008 , 0.013715142855311436 , 0.05830408695889518 , 1.188513132135673
0.009 , 0.019545551551200954 , 0.07259023305753688 , 1.3336571834441557
0.01 , 0.026804574856954644 , 0.0883384824246172 , 1.4776010333066978
0.011 , 0.035638423099416366 , 0.10551264473320998 , 1.6202151419743418
0.012 , 0.046189687572737365 , 0.1240736543303135 , 1.7613711663754497
0.013 , 0.058597053005768715 , 0.14397963598146601 , 1.900942075615807
0.014 , 0.07299501660391532 , 0.16518597477275304 , 2.038802265297851
0.015 , 0.08951361408119063 , 0.18764539006713662 , 2.174827670556151
0.016 , 0.1082781530879043 , 0.21130801340675653 , 2.3088958777074144
0.017 , 0.12940895442857994 , 0.23612147024772248 , 2.4408862344145374
0.018 , 0.15302110145335218 , 0.26203096540893844 , 2.5706799582655657
0.019 , 0.17922419799424602 , 0.2889793721116841 , 2.6981602436698457
0.02 , 0.20812213520541445 , 0.31690732448202763 , 2.8232123669751767
0.021 , 0.2398128676536172 , 0.3457533133836648 , 2.9457237897113475
0.022 , 0.2743881989919837 , 0.37545378544447916 , 3.065584259867169
0.023 , 0.3119335775364316 , 0.40594324513599767 , 3.1826859111098393
0.024 , 0.35252790205003137 , 0.43715435976098393 , 3.2969233598573657
0.025 , 0.39624333802612977 , 0.469018067200673 , 3.4081938001166705
0.026 , 0.44314514474619704 , 0.5014636862696055 , 3.5163970960020507
0.027 , 0.4932915133731576 , 0.5344190295226767 , 3.621435871850713
0.028 , 0.5467334163254253 , 0.5678105183558786 , 3.7232155998542966
0.029 , 0.6035144681610132 , 0.6015633002392782 , 3.8216446851275254
0.03 , 0.663670798184941 , 0.6356013679180615 , 3.916634548137417
0.031 , 0.7272309349767472 , 0.6698476804149627 , 4.0080997044188855
0.032 , 0.7942157030182434 , 0.7042242856651135 , 4.095957841504991
0.033 , 0.8646381315847548 , 0.7386524446122811 , 4.1801298930026025
0.034 , 0.9385033760459829 , 0.7730527565936146 , 4.260540109746815
0.035 , 1.0158086517053444 , 0.8073452858384053 , 4.337116127970085
0.036 , 1.096543180289185 , 0.841449688904965 , 4.409789034424738
0.037 , 1.1806881491796815 , 0.8752853428785667 , 4.478493428400238
0.038 , 1.2682166834675381 , 0.9087714741524495 , 4.543167480579416
0.039 , 1.3590938308827831 , 0.9418272876131842 , 4.603752988680679
0.04 , 1.4532765596441015 , 0.9743720960512183 , 4.660195429836131
0.041 , 1.5507137692492234 , 1.0063254496171716 , 4.712444009658487
0.042 , 1.6513463142109406 , 1.03760726514444 , 4.760451707952579
0.043 , 1.7551070407253846 , 1.0681379551588759 , 4.804175321030363
0.044 , 1.8619208362412722 , 1.0978385563967656 , 4.843575500591326
0.045 , 1.9717046918809489 , 1.1266308576529909 , 4.878616789133296
0.046 , 2.084367777646248 , 1.1544375267821683 , 4.909267651861798
0.047 , 2.1998115303244647 , 1.1811822366766926 , 4.9355005050692515
0.048 , 2.317929753992134 , 1.2067897900469595 , 4.957291740958432
0.049 , 2.43860873299683 , 1.231186242830625 , 4.9746217488879045
0.05 , 2.561727357279892 , 1.2542990260595603 , 4.987474933020272
0.051 , 2.6871572598858484 , 1.2760570660151744 , 4.99583972635738
0.052 , 2.8147629664873657 , 1.2963909025050175 , 4.999708601149831
0.053 , 2.9444020567378675 , 1.3152328050960225 , 4.999078075671454
0.054 , 3.0759253372474697 , 1.3325168871424007 , 4.99394871735262
0.055 , 3.2091770259617096 , 1.3481792174490745 , 4.9843251422695944
0.056 , 3.343994947706617 , 1.3621579294145936 , 4.97021601099038
0.057 , 3.4802107406480767 , 1.3743933275007512 , 4.95163402078079
0.058 , 3.617650073398152 , 1.3848279908795749 , 4.928595894177768
0.059 , 3.756132872486109 , 1.3934068741120194 , 4.901122363940227
0.06 , 3.895473559897311 , 1.4000774047165248 , 4.869238154390976
0.061 , 4.035481300368963 , 1.4047895774896195 , 4.832971959166487
0.062 , 4.175960258117925 , 1.4074960454449428 , 4.792356415394571
0.063 , 4.316709862662419 , 1.4081522072414205 , 4.747428074323152
0.064 , 4.457525083386561 , 1.406716290975861 , 4.6982273684266245
0.065 , 4.598196712484147 , 1.4031494342199182 , 4.644798575019347
0.066 , 4.738511655906139 , 1.3974157601862125 , 4.5871897764090495
0.067 , 4.87825323192476 , 1.3894824499133862 , 4.525452816626005
0.068 , 5.017201476916099 , 1.3793198103649962 , 4.459643254766898
0.069 , 5.155133457952598 , 1.3669013383424085 , 4.389820314995391
0.07 , 5.291823591786839 , 1.3522037801172484 , 4.316046833244369
0.071 , 5.4270439697985635 , 1.3352071866944706 , 4.238389200667849
0.072 , 5.560564688468011 , 1.315894964622736 , 4.156917303893415
0.073 , 5.692154184930285 , 1.2942539222745157 , 4.07170446212898
0.074 , 5.8215795771577366 , 1.2702743115241693 , 3.9828273611804326
0.075 , 5.948607008310153 , 1.243949864758173 , 3.890365984439606
0.076 , 6.073001994785971 , 1.2152778271576794 , 3.79440354090461
0.077 , 6.194529777501739 , 1.1842589841996738 , 3.695026390297354
0.078 , 6.312955675921706 , 1.1508976843291578 , 3.5923239653456314
0.079 , 6.4280454443546216 , 1.115201856760999 , 3.486388691299689
0.08 , 6.539565630030721 , 1.0771830243763674 , 3.377315902755755
0.081 , 6.647283932468358 , 1.0368563116849985 , 3.265203757861324
0.082 , 6.7509695636368585 , 0.9942404478308806 , 3.1501531499794613
0.083 , 6.850393608419947 , 0.9493577646253589 , 3.0322676168915734
0.084 , 6.945329384882482 , 0.9022341895980626 , 2.9116532476204093
0.085 , 7.035552803842289 , 0.8528992340624909 , 2.7884185869570848
0.086 , 7.1208427272485375 , 0.801385976199535 , 2.6626745377781056
0.087 , 7.200981324868491 , 0.7477310391686459 , 2.534534261240267
0.088 , 7.275754428785356 , 0.6919745642627936 , 2.404113074943241
0.089 , 7.344951885211635 , 0.6341601791297704 , 2.271528349151532
0.09 , 7.408367903124612 , 0.574334961088784 , 2.136899401169149
0.091 , 7.46580139923349 , 0.5125493955776412 , 2.0003473879620977
0.092 , 7.517056338791254 , 0.4488573297721403 , 1.8619951971252786
0.093 , 7.561942071768468 , 0.3833159214255594 , 1.7219673362919499
0.094 , 7.6002736639110235 , 0.315985582982342 , 1.580389821085269
0.095 , 7.631872222209258 , 0.2469299210262313 , 1.437390061712722
0.096 , 7.656565214311881 , 0.17621567112918562 , 1.2930967483055542
0.097 , 7.674186781424799 , 0.10391262817340774 , 1.147639735106321
0.098 , 7.68457804424214 , 0.030093572224738685 , 1.0011499236088526
0.099 , 7.687587401464614 , -0.045165809958510814 , 0.8537591447557267
0.1 , 7.683070820468763 , -0.12178700769149484 , 0.7056000402993361
0.101 , 7.670892119699613 , -0.19968877330811952 , 0.5568059434332501
0.102 , 7.650923242368801 , -0.27878721318476796 , 0.4075107588013456
0.103 , 7.623044521050325 , -0.3589958827361663 , 0.2578488419926732
0.104 , 7.587144932776708 , -0.4402258852718399 , 0.1079548786304798
0.105 , 7.543122344249523 , -0.5223859745964895 , -0.04203623683574309
0.106 , 7.490883746789875 , -0.6053826612326363 , -0.1919895225261769
0.107 , 7.430345480666611 , -0.689120322139052 , -0.3417700306052389
0.108 , 7.361433448452706 , -0.7735013137938095 , -0.4912429687255434
0.109 , 7.284083317073325 , -0.8584260885062649 , -0.6402738213318984
0.11 , 7.1982407082226985 , -0.9437933138179251 , -0.7887284707162411
0.111 , 7.103861376840906 , -1.0294999948479628 , -0.9364733177145158
0.112 , 7.00091137735611 , -1.1154415994351268 , -1.0833754019368982
0.113 , 6.889367217412597 , -1.2015121859239586 , -1.2293025214231852
0.114 , 6.769215998820202 , -1.2876045334395732 , -1.3741233516156202
0.115 , 6.640455545476244 , -1.3736102744918006 , -1.5177075635421466
0.116 , 6.503094518027064 , -1.4594200297462125 , -1.6599259411036704
0.117 , 6.357152515052443 , -1.5449235447964837 , -1.800650497359841
0.118 , 6.202660160572794 , -1.6300098287696698 , -1.9397545897086514
0.119 , 6.039659177695827 , -1.7145672945933104 , -2.0771130338562296
0.12 , 5.868202448236496 , -1.798483900750808 , -2.2126022164742625
0.121 , 5.688354058161416 , -1.8816472943492861 , -2.346100206443636
0.122 , 5.500189328726487 , -1.963944955322091 , -2.4774868645842245
0.123 , 5.303794833194278 , -2.0452643415862863 , -2.6066439517720323
0.124 , 5.099268399035649 , -2.125493034973889 , -2.733455235346436
0.125 , 4.88671909553826 , -2.204518887754215 , -2.8578065937117185
0.126 , 4.666267206762838 , -2.2822301695635456 , -2.9795861190388195
0.127 , 4.438044189806484 , -2.358515714557406 , -3.0986842179748164
0.128 , 4.202192618350743 , -2.4332650686000123 , -3.2149937102695443
0.129 , 3.958866111490742 , -2.506368636305007 , -3.328409925230596
0.13 , 3.7082292478602414 , -2.5777178277413038 , -3.438830795919869
0.131 , 3.450457465086111 , -2.6472052046178773 , -3.546156951006931
0.132 , 3.185736944624323 , -2.7147246257615145 , -3.6502918041964976
0.133 , 2.914264482048172 , -2.7801713917019817 , -3.7511416411495953
0.134 , 2.6362473428779736 , -2.843442388179725 , -3.848615703820119
0.135 , 2.351903104060001 , -2.9044362283921044 , -3.9426262721309753
0.136 , 2.0614594812207905 , -2.963053393795274 , -4.033088742916203
0.137 , 1.765154141841263 , -3.019196373280161 , -4.119921706058129
0.138 , 1.4632345045132469 , -3.072769800542555 , -4.203047017750973
0.139 , 1.1559575244589912 , -3.1236805894691058 , -4.282389870825006
0.14 , 0.8435894655120806 , -3.1718380673630255 , -4.357878862067941
0.141 , 0.5264056587757779 , -3.2171541058355193 , -4.429446056483013
0.142 , 0.20469024819222598 , -3.2595432491913954 , -4.497027048425888
0.143 , -0.12126407672691358 , -3.2989228401399635 , -4.560561019565402
0.144 , -0.45115636074091 , -3.3352131426651828 , -4.61999079361594
0.145 , -0.7846776750074282 , -3.3683374618920867 , -4.675262887792245
0.146 , -1.121511421196637 , -3.39822226078978 , -4.726327560940317
0.147 , -1.461333647275615 , -3.42479727355477 , -4.773138858301082
0.148 , -1.803813374631092 , -3.4479956155220512 , -4.815654652866583
0.149 , -2.148612936183297 , -3.467753889455227 , -4.8538366832914415
0.15 , -2.49538832512882 , -3.48401228807097 , -4.887650588325485
0.151 , -2.843789553935917 , -3.4967146926573713 , -4.917065937736554
0.152 , -3.193461023201654 , -3.505808767650099 , -4.9420562596956525
0.153 , -3.544041899966664 , -3.5112460510348784 , -4.962599064599816
0.154 , -3.8951665050701516 , -3.512982040449529 , -4.978675865311227
0.155 , -4.246464709115105 , -3.510976274863698 , -4.9902721937943975
0.156 , -4.597562336601475 , -3.5051924117194777 , -4.99737761413642
0.157 , -4.948081577773422 , -3.495598299421308 , -4.99998573193859
0.158 , -5.297641407715553 , -3.482166045068895 , -4.998094200070927
0.159 , -5.645858012222443 , -3.464872077332377 , -4.991704720784438
0.16 , -5.992345219955681 , -3.443697204374572 , -4.980823044179203
0.161 , -6.336714940393138 , -3.418626666730888 , -4.965458963029677
0.162 , -6.678577607066227 , -3.3896501850633305 , -4.945626303971849
0.163 , -7.017542625572561 , -3.3567620027110108 , -4.921342915060208
0.164 , -7.353218825843662 , -3.319960922965631 , -4.892630649705692
0.165 , -7.685214918140225 , -3.2792503410065885 , -4.859515347009104
0.166 , -8.013139952240884 , -3.2346382704366037 , -4.822026808507652
0.167 , -8.336603779284545 , -3.186137364365119 , -4.7801987713555905
0.168 , -8.655217515721057 , -3.133764930993122 , -4.734068877963045
0.169 , -8.96859400882037 , -3.0775429436595423 , -4.683678642120395
0.17 , -9.276348303186325 , -3.0174980453159055 , -4.629073411638663
0.171 , -9.578098107717915 , -2.953661547402527 , -4.570302327539535
0.172 , -9.873464262458167 , -2.8860694231061697 , -4.507418279831774
0.173 , -10.162071204768784 , -2.8147622949857567 , -4.440477859913771
0.174 , -10.44354743426736 , -2.739785416959453 , -4.369541309645112
0.175 , -10.717525975963305 , -2.661188650653137 , -4.29467246713296
0.176 , -10.98364484102862 , -2.5790264361170308 , -4.215938709282084
0.177 , -11.241547484640321 , -2.4933577569240097 , -4.133410891160182
0.178 , -11.490883260332723 , -2.4042460996698343 , -4.047163282233097
0.179 , -11.731307870299705 , -2.3117594079022954 , -3.95727349952733
0.18 , -11.962483811089935 , -2.2159700305129686 , -3.8638224377799357
0.181 , -12.184080814141232 , -2.1169546646319537 , -3.7668941966387326
0.182 , -12.395776280604428 , -2.0147942930726335 , -3.6665760049782827
0.183 , -12.59725570991169 , -1.9095741163800921 , -3.5629581423998076
0.184 , -12.7882131215497 , -1.8013834795433852 , -3.4561338579856353
0.185 , -12.96835146950404 , -1.6903157934383595 , -3.34619928638131
0.186 , -13.137383048847875 , -1.5764684510741518 , -3.233253361280917
0.187 , -13.29502989395529 , -1.4599427387228563 , -3.1173977263934267
0.188 , -13.441024167827575 , -1.3408437420181292 , -2.998736643970219
0.189 , -13.575108542029387 , -1.2192802471146902 , -2.8773769009760857
0.19 , -13.697036566740856 , -1.0953646370067782 , -2.753427712988188
0.191 , -13.806573030441534 , -0.969212783109605 , -2.6270006259093965
0.192 , -13.903494308752494 , -0.8409439322137393 , -2.4982094155845123
0.193 , -13.987588701973868 , -0.7106805889281134 , -2.3671699854096753
0.194 , -14.058656760866679 , -0.5785483937329869 , -2.23400026202715
0.195 , -14.116511600239978 , -0.44467599676971375 , -2.0988200891992985
0.196 , -14.16097919991695 , -0.30919492749952515 , -1.9617511199572693
0.197 , -14.191898692666902 , -0.1722394603687772 , -1.8229167071215067
0.198 , -14.20912263870378 , -0.03394647662318387 , -1.6824417922925212
0.199 , -14.212517286366099 , 0.1055446775815197 , -1.5404527934118906
0.2 , -14.201962818607948 , 0.2460923366202798 , -1.3970774909946293
0.201 , -14.17735358494592 , 0.387552664233997 , -1.2524449131353745
0.202 , -14.13859831852252 , 0.5297798055981564 , -1.1066852193917978
0.203 , -14.085620337962705 , 0.672626042459364 , -0.9599295836497751
0.204 , -14.018357733716769 , 0.8159419511702828 , -0.8123100760757709
0.205 , -13.93676353859974 , 0.9595765634495976 , -0.6639595442625836
0.206 , -13.84080588225478 , 1.103377529689966 , -0.5150114936754893
0.207 , -13.730468129285784 , 1.2471912846334392 , -0.3655999675063154
0.208 , -13.60574900082244 , 1.3908632152305689 , -0.2158594260436434
0.209 , -13.466662679299382 , 1.5342378304963498 , -0.0659246256676107
0.21 , -13.313238896249747 , 1.6771589331732968 , 0.08406950242174857
0.211 , -13.145523002932418 , 1.8194697930093189 , 0.23398797363344942
0.212 , -12.963576023631486 , 1.9610133214556267 , 0.3836958714625946
0.213 , -12.767474691485923 , 2.101632247587718 , 0.5330584689061133
0.214 , -12.557311466727151 , 2.2411692950504998 , 0.6819413497079883
0.215 , -12.333194537222102 , 2.379467359826869 , 0.8302105293247861
0.216 , -12.095247801239415 , 2.5163696886275346 , 0.9777325755027212
0.217 , -11.843610832376662 , 2.651720057698592 , 1.1243747283576686
0.218 , -11.578438826606803 , 2.785362951842292 , 1.2700050198501156
0.219 , -11.299902531422573 , 2.91714374344562 , 1.4144923925474648
0.22 , -11.008188157078012 , 3.0469088713107215 , 1.5577068175668893
0.221 , -10.70349726994694 , 3.174506019080855 , 1.6995194115925636
0.222 , -10.386046668038855 , 3.299784293055429 , 1.8398025528619233
0.223 , -10.056068238733312 , 3.422594399187818 , 1.978429996016654
0.224 , -9.71380879881453 , 3.542788819059998 , 2.115276985714984
0.225 , -9.35952991690853 , 3.6602219846286514 , 2.250220368903088
0.226 , -8.993507718445665 , 3.77475045153822 , 2.3831387056444973
0.227 , -8.616032673291842 , 3.886233070797456 , 2.51391237840786
0.228 , -8.227409366212097 , 3.9945311586173378 , 2.6424236997146537
0.229 , -7.827956250350363 , 4.099508664209751 , 2.7685570180499535
0.23 , -7.418005383929388 , 4.201032335348117 , 2.8921988219410006
0.231 , -6.997902150394576 , 4.298971881493157 , 3.0132378421098616
0.232 , -6.56800496224526 , 4.3932001342892155 , 3.1315651516082794
0.233 , -6.128684948816338 , 4.483593205239047 , 3.247074263844556
0.234 , -5.680325628292433 , 4.570030640367628 , 3.3596612284143075
0.235 , -5.22332256425567 , 4.652395571688512 , 3.4692247246488184
0.236 , -4.758083007086819 , 4.730574865289335 , 3.5756661527967895
0.237 , -4.285025520557886 , 4.804459265856465 , 3.678889722757468
0.238 , -3.8045795939722393 , 4.873943537462314 , 3.7788025402852687
0.239 , -3.317185240226008 , 4.938926600442631 , 3.8753146905883353
0.24 , -2.823292580181745 , 4.99931166419505 , 3.9683393192457657
0.241 , -2.32336141376224 , 5.0550063557343465 , 4.057792710370744
0.242 , -1.817860778188805 , 5.105922843844235 , 4.143594361949177
0.243 , -1.3072684938043815 , 5.151977958670082 , 4.225667058286087
0.244 , -0.7920706979373733 , 5.193093306601689 , 4.303936939494508
0.245 , -0.27276136727720435 , 5.229195380300202 , 4.378333567964411
0.246 , 0.2501581707528159 , 5.26021566372832 , 4.448789991751799
0.247 , 0.7761797371256479 , 5.286090732048266 , 4.515242804830924
0.248 , 1.3047888103304746 , 5.3067623462574005 , 4.577632204155448
0.249 , 1.8354650449562147 , 5.322177542436984 , 4.6359020434771345
0.25 , 2.367682799199913 , 5.332288715495329 , 4.6899998838736945
0.251 , 2.900911670749446 , 5.337053697292491 , 4.739877040940263
0.252 , 3.4346170404786953 , 5.336435829039701 , 4.785488628602085
0.253 , 3.9682606233826654 , 5.330404027872874 , 4.826793599508959
0.254 , 4.501301026169953 , 5.3189328475058995 , 4.863754781975069
0.255 , 5.033194310920543 , 5.302002532875747 , 4.896338913431
0.256 , 5.563394564208117 , 5.279599068698054 , 4.9245166703578045
0.257 , 6.091354471077922 , 5.2517142218584105 , 4.94826269467619
0.258 , 6.616525893263764 , 5.218345577571357 , 4.967555616567079
0.259 , 7.138360451020899 , 5.179496569245903 , 4.982378073703003
0.26 , 7.656310107945489 , 5.135176502003293 , 4.992716726873025
0.261 , 8.169827758145818 , 5.085400569799738 , 4.998562271987129
0.262 , 8.678367815125792 , 5.0301898661138775 , 4.999909448449278
0.263 , 9.18138680173718 , 4.969571388165845 , 4.996757043891585
0.264 , 9.678343940553765 , 4.903578034641992 , 4.989107895265372
0.265 , 10.168701744017964 , 4.832248596906502 , 4.976968886288099
0.266 , 10.651926603708615 , 4.755627743688412 , 4.96035094124849
0.267 , 11.127489378077456 , 4.673765999239793 , 4.9392690151754
0.268 , 11.594865978001435 , 4.586719714968154 , 4.913742080379311
0.269 , 12.053537949498251 , 4.494551034553429 , 4.883793109378518
0.27 , 12.502993052953594 , 4.397327852567214 , 4.849449054225431
0.271 , 12.942725838210315 , 4.295123766619223 , 4.810740822251532
0.272 , 13.372238214872237 , 4.188018023063214 , 4.767703248252872
0.273 , 13.791040017178558 , 4.0760954563019185 , 4.720375063141098
0.274 , 14.19864956280875 , 3.9594464217377174 , 4.668798859088254
0.275 , 14.594594204982522 , 3.838166722423034 , 4.613021051196701
0.276 , 14.978410877224826 , 3.712357529471549 , 4.553091835728652
0.277 , 15.349646630171982 , 3.582125296298452 , 4.489065144932923
0.278 , 15.707859159801828 , 3.4475816667649717 , 4.420998598509564
0.279 , 16.052617326478327 , 3.3088433773094077 , 4.348953451756
0.28 , 16.383501664209266 , 3.166032153153764 , 4.2729945404414025
0.281 , 16.70010487952464 , 3.0192745986818945 , 4.193190222458892
0.282 , 17.00203233939283 , 2.868702082091784 , 4.109612316308011
0.283 , 17.28890254760201 , 2.7144506144311884 , 4.022336036462969
0.284 , 17.560347609045127 , 2.5566607231323726 , 3.931439925684646
0.285 , 17.816013681358363 , 2.3954773201680584 , 3.8370057843374368
0.286 , 18.05556141337517 , 2.231049564956963 , 3.739118596774449
0.287 , 18.278666369870866 , 2.0635307221534385 , 3.6378664548572988
0.288 , 18.48501944208621 , 1.8930780144617185 , 3.53334047867939
0.289 , 18.67432724353238 , 1.7198524706211273 , 3.425634734564003
0.29 , 18.846312490594496 , 1.5440187687143068 , 3.314846150410917
0.291 , 19.00071436746593 , 1.3657450749560565 , 3.2010744284678565
0.292 , 19.137288874961534 , 1.1852028781257644 , 3.0844219556052237
0.293 , 19.25580916277411 , 1.0025668198116071 , 2.964993711174783
0.294 , 19.35606584475527 , 0.8180145206397342 , 2.842897172535348
0.295 , 19.437867296819245 , 0.6317264026665022 , 2.718242218330442
0.296 , 19.501039937085896 , 0.44388550811647814 , 2.591141029604876
0.297 , 19.545428487897542 , 0.25467731465341126 , 2.461707988849446
0.298 , 19.570896219362883 , 0.06428954737563253 , 2.3300595770643557
0.299 , 19.577325174100444 , -0.1270880122685854 , 2.1963142689342026
0.3 , 19.564616372873587 , -0.31926372044631934 , 2.060592426208783
0.301 , 19.532690000828953 , -0.512044267582902 , 1.9230161893855913
0.302 , 19.481485574070664 , -0.7052348774759808 , 1.783709367791643
0.303 , 19.410962086323067 , -0.8986395086710561 , 1.642797328163461
0.304 , 19.321098135455962 , -1.092061057885846 , 1.5004068818254248
0.305 , 19.21189202966738 , -1.2853015652680684 , 1.3566661705681637
0.306 , 19.08336187314057 , -1.4781624212687114 , 1.211704551329619
0.307 , 18.9355456310137 , -1.6704445749105756 , 1.0656524797824725
0.308 , 18.76850117352264 , -1.861948743229822 , 0.918641392932915
0.309 , 18.582306299199658 , -2.052475621666454 , 0.7708035908361516
0.31 , 18.377058737033014 , -2.241826095178096 , 0.6222721175353085
0.311 , 18.152876127515203 , -2.429801449850108 , 0.4731806413308003
0.312 , 17.90989598253019 , -2.616203584774009 , 0.32366333448782947
0.313 , 17.64827562405279 , -2.80083522396535 , 0.17385475249043042
0.314 , 17.368192101656255 , -2.9835001280916122 , 0.023889712950642558
0.315 , 17.069842088847093 , -3.1640033057803656 , -0.12609682571829361
0.316 , 16.753441758269055 , -3.3421512242778713 , -0.27596988575537257
0.317 , 16.41922663584127 , -3.517752019228469 , -0.4255945915226713
0.318 , 16.06745143391842 , -3.690615703345537 , -0.5748362908843727
0.319 , 15.698389863583868 , -3.860554373745488 , -0.7235606763845727
0.32 , 15.312334426209318 , -4.027382417717193 , -0.8716339061148982
0.321 , 14.9095961844376 , -4.190916716700422 , -1.0189227241632526
0.322 , 14.490504512767558 , -4.35097684824832 , -1.165294580535072
0.323 , 14.055406827942726 , -4.507385285750603 , -1.3106177504394345
0.324 , 13.604668299367665 , -4.659967595696127 , -1.454761452832454
0.325 , 13.138671539798052 , -4.808552632255612 , -1.5975959681113683
0.326 , 12.657816276572492 , -4.952972728967756 , -1.738992754853475
0.327 , 12.162519003675715 , -5.093063887314624 , -1.8788245654947113
0.328 , 11.653212614944254 , -5.228665961975081 , -2.016965560843848
0.329 , 11.130346018746746 , -5.35962284254819 , -2.1532914233293163
0.33 , 10.594383734491927 , -5.485782631541855 , -2.2876794688766067
0.331 , 10.045805471337742 , -5.606997818425571 , -2.420008757315632
0.332 , 9.485105689495185 , -5.72312544954999 , -2.550160201218772
0.333 , 8.912793144540187 , -5.834027293740023 , -2.6780166730714567
0.334 , 8.329390415166184 , -5.939570003372475 , -2.80346311067908
0.335 , 7.735433414828937 , -6.039625270753681 , -2.926386620715182
0.336 , 7.131470887753569 , -6.13406997961728 , -3.046676580317804
0.337 , 6.518063889791841 , -6.222786351567169 , -3.1642247366426406
0.338 , 5.895785254635124 , -6.305662087295727 , -3.278925304283268
0.339 , 5.2652190459055515 , -6.38259050241271 , -3.3906750604708513
0.34 , 4.62695999566428 , -6.453470657725665 , -3.4993734379677117
0.341 , 3.9816129298917136 , -6.518207483818351 , -3.6049226155710286
0.342 , 3.3297921815098785 , -6.576711899779485 , -3.707227606145302
0.343 , 2.67212099153193 , -6.628900925940124 , -3.8061963421044007
0.344 , 2.0092308989379175 , -6.674697790484143 , -3.901739758266158
0.345 , 1.3417611198895032 , -6.714032029802579 , -3.993771872005002
0.346 , 0.6703579169092453 , -6.7468395824690885 , -4.082209860630561
0.347 , -0.0043260413376635665 , -6.773062876720361 , -4.166974135922446
0.348 , -0.6816323290096997 , -6.792650911332062 , -4.247988415754318
0.349 , -1.360897420142906 , -6.805559329787796 , -4.325179792742632
0.35 , -2.0414533531216854 , -6.811750487645514 , -4.39847879985835
0.351 , -2.722628401886237 , -6.811193513012962 , -4.467819472942608
0.352 , -3.4037477531875333 , -6.803864360050931 , -4.53313941006999
0.353 , -4.084134189192627 , -6.789745855430431 , -4.594379827706034
0.354 , -4.76310877473567 , -6.768827737677284 , -4.651485613608479
0.355 , -5.439991548503398 , -6.741106689345152 , -4.704405376424539
0.356 , -6.114102217437914 , -6.70658636196557 , -4.75309149193965
0.357 , -6.784760853634471 , -6.665277393731188 , -4.79750014593607
0.358 , -7.45128859300759 , -6.617197419876133 , -4.837591373622689
0.359 , -8.113008334995204 , -6.562371075725152 , -4.87332909560067
0.36 , -8.769245442567719 , -6.500829992390961 , -4.904681150332458
0.361 , -9.419328441806815 , -6.432612785107087 , -4.93161932308499
0.362 , -10.062589720317524 , -6.357765034191315 , -4.954119371321065
0.363 , -10.698366223736656 , -6.276339258642733 , -4.972161046515977
0.364 , -11.32600014960093 , -6.188394882383237 , -4.985728112379825
0.365 , -11.944839637839253 , -6.093998193162254 , -4.994808359469084
0.366 , -12.554239457155479 , -5.99322229415129 , -4.999393616174271
0.367 , -13.153561686570608 , -5.886147048262787 , -4.999479756073846
0.368 , -13.742176391396887 , -5.772859015235584 , -4.9950667016477155
0.369 , -14.319462292920445 , -5.653451381537093 , -4.986158424346988
0.37 , -14.884807431074154 , -5.5280238831400395 , -4.972762941019946
0.371 , -15.43760981938816 , -5.396682721239335 , -4.954892306697413
0.372 , -15.977278091512092 , -5.259540470982293 , -4.932562603744052
0.373 , -16.503232138610322 , -5.116715983292969 , -4.905793927385309
0.374 , -17.01490373693962 , -4.968334279878937 , -4.874610367623073
0.375 , -17.511737164927514 , -4.814526441516205 , -4.8390399875563075
0.376 , -17.993189809079134 , -4.655429489715325 , -4.7991147981261415
0.377 , -18.458732758050665 , -4.491186261878983 , -4.754870729308189
0.378 , -18.907851384238562 , -4.321945280068468 , -4.706347597778009
0.379 , -19.340045912245408 , -4.147860613503436 , -4.653589071078762
0.38 , -19.754831973595753 , -3.96909173492628 , -4.596642628323378
0.381 , -20.15174114708838 , -3.785803370969154 , -4.535559517466577
0.382 , -20.530321484185297 , -3.598165346668342 , -4.470394709185135
0.383 , -20.89013801885213 , -3.4063524242771184 , -4.401206847408021
0.384 , -21.230773261279843 , -3.210544136534585 , -4.32805819654079
0.385 , -21.551827674933303 , -3.0109246145541184 , -4.2510145854318315
0.386 , -21.852920136388715 , -2.807682410501075 , -4.170145348130865
0.387 , -22.133688377438823 , -2.6010103152352175 , -4.085523261492948
0.388 , -22.393789408962345 , -2.3911051710989764 , -3.9972244796842293
0.389 , -22.63289992607224 , -2.1781676800381264 , -3.905328465648358
0.39 , -22.850716694076056 , -1.962402207246726 , -3.8099179195951667
0.391 , -23.046956914800727 , -1.7440165805332393 , -3.711078704576078
0.392 , -23.22135857285405 , -1.5232218856096433 , -3.608899769213175
0.393 , -23.373680761415017 , -1.3002322575099756 , -3.5034730676514068
0.394 , -23.503703987166013 , -1.0752646683492375 , -3.394893476806083
0.395 , -23.611230454000935 , -0.8485387116377952 , -3.2832587109800766
0.396 , -23.696084325164716 , -0.6202763833704361 , -3.1686692339274947
0.397 , -23.758111963501758 , -0.390701860113017 , -3.0512281684431426
0.398 , -23.79718214951306 , -0.16004127431319354 , -2.931041203558914
0.399 , -23.81318627694438 , 0.07147751293496388 , -2.808216499430821
0.4 , -23.806038525650884 , 0.3036251414395883 , -2.6828645900021746
0.401 , -23.775676011506924 , 0.5361709835371548 , -2.5550982835304543
0.402 , -23.72205891315321 , 0.7688833775578398 , -2.4250325610675083
0.403 , -23.645170575397426 , 1.0015298628894653 , -2.2927844729843967
0.404 , -23.54501758910848 , 1.2338774163973063 , -2.1584730336339084
0.405 , -23.421629847468747 , 1.4656926899552076 , -2.0222191142457007
0.406 , -23.275060578473227 , 1.696742248841889 , -1.8841453341503747
0.407 , -23.105386353589036 , 1.9267928107549936 , -1.7443759504303002
0.408 , -22.912707072513538 , 2.1556114851943895 , -1.603036746096691
0.409 , -22.6971459239941 , 2.382966012965434 , -1.4602549168933292
0.41 , -22.458849322697557 , 2.6086250055523883 , -1.3161589568290046
0.411 , -22.19798682214232 , 2.8323581841118943 , -1.1708785425416073
0.412 , -21.91475100373113 , 3.053936617836436 , -1.0245444165978528
0.413 , -21.609357341947486 , 3.2731329614379607 , -0.8772882698338251
0.414 , -21.28204404580369 , 3.4897216915023677 , -0.7292426228421376
0.415 , -20.933071876653454 , 3.7034793414663634 , -0.5805407067122923
0.416 , -20.562723942506818 , 3.914184734969237 , -0.4313163431317193
0.417 , -20.171305469009894 , 4.121619217333427 , -0.28170382395531635
0.418 , -19.75914354727655 , 4.325566884929332 , -0.1318377903517913
0.419 , -19.326586858783617 , 4.525814812181664 , 0.01814688836427534
0.42 , -18.87400537756545 , 4.722153275976719 , 0.16811523610568346
0.421 , -18.40179004996778 , 4.914375977232335 , 0.3179322914820434
0.422 , -17.910352452244545 , 5.102280259394865 , 0.46746322925584644
0.423 , -17.40012442630506 , 5.285667323630413 , 0.6165734816761406
0.424 , -16.871557693942016 , 5.464342440480632 , 0.7651288595803967
0.425 , -16.32512344989395 , 5.638115157756784 , 0.91299567315567
0.426 , -15.761311934118273 , 5.806799504449345 , 1.0600408522504625
0.427 , -15.180631983673338 , 5.970214190434266 , 1.2061320661288493
0.428 , -14.583610564629911 , 6.128182801761087 , 1.3511378425591836
0.429 , -13.970792284453802 , 6.280533991312405 , 1.494927686130283
0.43 , -13.34273888532256 , 6.4271016646287205 , 1.637372195688465
0.431 , -12.700028718859688 , 6.567725160697442 , 1.7783431807898271
0.432 , -12.043256202789944 , 6.702249427509803 , 1.91771377706305
0.433 , -11.373031260038964 , 6.830525192194619 , 2.0553585603787043
0.434 , -10.689978740819502 , 6.952409125543217 , 2.191153659722559
0.435 , -9.99473782826518 , 7.0677640007454405 , 2.324976868671106
0.436 , -9.287961428190636 , 7.1764588461624355 , 2.456707755369072
0.437 , -8.570315543574392 , 7.2783690919678925 , 2.5862277709100043
0.438 , -7.842478634377603 , 7.3733767104955845 , 2.713420356022263
0.439 , -7.1051409633280445 , 7.461370350137365 , 2.838171045964474
0.44 , -6.359003928314308 , 7.542245462642321 , 2.9603675735361152
0.441 , -5.604779382050076 , 7.615904423674424 , 3.0798999701103975
0.442 , -4.8431889396826335 , 7.682256646492862 , 3.1966606645985847
0.443 , -4.0749632750333475 , 7.7412186886262235 , 3.310544580256755
0.444 , -3.300841406170725 , 7.792714351418811 , 3.4214492292477554
0.445 , -2.521569971028844 , 7.83667477233462 , 3.529274804873322
0.446 , -1.737902493795382 , 7.873038509911926 , 3.6339242713934112
0.447 , -0.9505986428041893 , 7.901751621268897 , 3.73530345135177
0.448 , -0.1604234806772995 , 7.92276773206829 , 3.833321110329331
0.449 , 0.6318532925295295 , 7.936048098857007 , 3.9278890390490147
0.45 , 1.4254581024152302 , 7.941561663704093 , 4.018922132758105
0.451 , 2.2196142687856395 , 7.939285101068694 , 4.106338467816818
0.452 , 3.013542778892509 , 7.929202856837441 , 4.190059375424033
0.453 , 3.806463064576253 , 7.911307179478826 , 4.270009512413885
0.454 , 4.597593782524136 , 7.885598143270228 , 4.3461169290595585
0.455 , 5.386153596851159 , 7.852083663561436 , 4.418313133823176
0.456 , 6.1713619632073025 , 7.8107795040467565 , 4.486533154993538
0.457 , 6.952439913611978 , 7.761709276026009 , 4.5507155991563115
0.458 , 7.728610841214579 , 7.704904429643056 , 4.61080270644393
0.459 , 8.499101284178884 , 7.640404237098795 , 4.666740402515593
0.46 , 9.263141707888764 , 7.568255767843858 , 4.718478347220524
0.461 , 10.01996728467315 , 7.488513855764613 , 4.765969979900687
0.462 , 10.768818670249612 , 7.401241058384365 , 4.809172561292262
0.463 , 11.508942776088048 , 7.306507608109951 , 4.848047211988086
0.464 , 12.239593536899044 , 7.204391355562234 , 4.882558947426487
0.465 , 12.960032672455267 , 7.094977705037222 , 4.912676709375048
0.466 , 13.669530442958989 , 6.978359542152755 , 4.938373393880902
0.467 , 14.367366397174264 , 6.854637153743882 , 4.959625875662466
0.468 , 15.052830112548651 , 6.7239181400781165 , 4.976415028920637
0.469 , 15.725221926556463 , 6.586317319469827 , 4.9887257445507185
0.47 , 16.383853658503448 , 6.4419566253809615 , 4.996546943739588
0.471 , 17.028049321041543 , 6.290964996103194 , 4.999871587935894
0.472 , 17.657145820651863 , 6.133478257124351 , 4.998696685184266
0.473 , 18.270493646364297 , 5.96963899628968 , 4.993023292817875
0.474 , 18.867457545993265 , 5.79959643187609 , 4.982856516506909
0.475 , 19.447417189180875 , 5.623506273704962 , 4.968205505663813
0.476 , 20.00976781655137 , 5.441530577426456 , 4.94908344520943
0.477 , 20.553920874294015 , 5.253837592115468 , 4.925507543707469
0.478 , 21.07930463350556 , 5.060601601326429 , 4.897499017877957
0.479 , 21.585364793638206 , 4.862002757761101 , 4.865083073503622
0.48 , 22.071565069414316 , 4.658226911710247 , 4.828288882746387
0.481 , 22.53738776058534 , 4.4494654334366865 , 4.787149557894406
0.482 , 22.982334303929008 , 4.235915029673697 , 4.741702121563217
0.483 , 23.405925806896377 , 4.01777755441894 , 4.691987473377917
0.484 , 23.807703562338272 , 3.7952598142102323 , 4.63805035316623
0.485 , 24.187229543759294 , 3.568573368075323 , 4.579939300695696
0.486 , 24.544086880566827 , 3.337934322353572 , 4.517706611991168
0.487 , 24.877880312802183 , 3.1035631205929137 , 4.451408292271897
0.488 , 25.188236624861474 , 2.865684328730775 , 4.381104005550624
0.489 , 25.474805057734553 , 2.6245264157727157 , 4.306857020940006
0.49 , 25.737257699311826 , 2.3803215301874063 , 4.228734155714672
0.491 , 25.975289852330565 , 2.1333052722412087 , 4.1468057151801805
0.492 , 26.188620379554685 , 1.8837164625000409 , 4.061145429403021
0.493 , 26.37699202580469 , 1.6317969067303826 , 3.9718303868584925
0.494 , 26.54017171647773 , 1.3777911574352286 , 3.878940965056294
0.495 , 26.677950832221253 , 1.121946272264501 , 3.7825607582062104
0.496 , 26.790145459447704 , 0.8645115695428875 , 3.682776501988927
0.497 , 26.876596616401994 , 0.6057383811612892 , 3.579677995499816
0.498 , 26.93717045451812 , 0.34587980308101557 , 3.473358020435771
0.499 , 26.971758434826224 , 0.08519044370256973 , 3.3639122575979608
0.5 , 26.98027747919648 , -0.1760738296466876 , 3.251439200785584
0.501 , 26.96267009623181 , -0.43765614584952345 , 3.136040068158063
0.502 , 26.91890448164686 , -0.6992988865020743 , 3.017818711145546
0.503 , 26.84897459299665 , -0.9607439435232952 , 2.896881520989658
0.504 , 26.752900198644323 , -1.2217329776091816 , 2.7733373329985156
0.505 , 26.630726900883406 , -1.482007677269207 , 2.6472973286023214
0.506 , 26.482526133156487 , -1.741310018181574 , 2.5188749352976014
0.507 , 26.30839513133833 , -1.9993825226032984 , 2.3881857245700635
0.508 , 26.108456879078 , -2.2559685185708376 , 2.2553473078881203
0.509 , 25.882860027220914 , -2.510812398626947 , 2.1204792308604543
0.51 , 25.63177878735822 , -2.7636598778096855 , 1.9837028656530604
0.511 , 25.35541279957725 , -3.0142582506399993 , 1.845141301762513
0.512 , 25.053986974513247 , -3.2623566468451086 , 1.7049192352436808
0.513 , 24.727751309828736 , -3.507706285555965 , 1.5631628564917173
0.514 , 24.37698068127314 , -3.7500607277183855 , 1.419999736679247
0.515 , 24.0019746085013 , -3.989176126459057 , 1.2755587129508719
0.516 , 23.603056995855393 , -4.224811475149472 , 1.1299697724784628
0.517 , 23.180575848340446 , -4.4567288529129865 , 0.9833639354815032
0.518 , 22.734902963049148 , -4.684693667322585 , 0.8358731373176848
0.519 , 22.26643359631689 , -4.9084748940395855 , 0.6876301097500157
0.52 , 21.775586106912932 , -5.127845313146444 , 0.5387682614972202
0.521 , 21.26280157559829 , -5.342581741929977 , 0.3894215581748353
0.522 , 20.72854340140529 , -5.55246526387475 , 0.23972440173526843
0.523 , 20.173296875017815 , -5.757281453630044 , 0.08981150951505147
0.524 , 19.59756872965481 , -5.956820597717737 , -0.06018220700164288
0.525 , 19.001886669883035 , -6.150877910752605 , -0.21012176359420398
0.526 , 18.386798878807774 , -6.339253746950914 , -0.35987222478232384
0.527 , 17.75287350411268 , -6.521753806707842 , -0.5092988252587949
0.528 , 17.100698123441898 , -6.6981893380291115 , -0.6582670911691636
0.529 , 16.430879189638986 , -6.8683773326072775 , -0.8066429611291758
0.53 , 15.744041456378259 , -7.032140716338458 , -0.9542929068709469
0.531 , 15.040827384744412 , -7.189308534080768 , -1.1010840534093642
0.532 , 14.321896531336336 , -7.33971612846146 , -1.2468842986206656
0.533 , 13.58792491849019 , -7.483205312545693 , -1.3915624321253652
0.534 , 12.839604387235621 , -7.61962453618596 , -1.5349882533687984
0.535 , 12.077641933617025 , -7.748829045877528 , -1.6770326887928066
0.536 , 11.302759029029273 , -7.870681037951731 , -1.8175679079931957
0.537 , 10.5156909252341 , -7.98504980494559 , -1.95646743875856
0.538 , 9.71718594473954 , -8.091811874993136 , -2.0936062808866325
0.539 , 8.908004757240228 , -8.190851144090734 , -2.228861018676091
0.54 , 8.088919642831154 , -8.282059001095929 , -2.3621099319923307
0.541 , 7.260713742721562 , -8.36533444532657 , -2.4932331058074304
0.542 , 6.4241802981889045 , -8.44058419663447 , -2.622112538115489
0.543 , 5.580121878525457 , -8.507722797835402 , -2.748632246126515
0.544 , 4.7293495987419165 , -8.566672709384916 , -2.8726783706431536
0.545 , 3.872682327803425 , -8.617364396197326 , -2.9941392785261858
0.546 , 3.0109458881836924 , -8.6597364065131 , -3.112905663156868
0.547 , 2.1449722475323822 , -8.69373544272793 , -3.228870642805552
0.548 , 1.2755987032595892 , -8.719316424104871 , -3.3419298568179414
0.549 , 0.4036670608491021 , -8.736442541299168 , -3.451981559532679
0.55 , -0.46997719328081466 , -8.745085302633612 , -3.5589267118456154
0.551 , -1.3444857235441758 , -8.74522457207071 , -3.6626690703382367
0.552 , -2.219008180751247 , -8.736848598836234 , -3.7631152738902873
0.553 , -3.0926930406348703 , -8.71995403865731 , -3.8601749276985093
0.554 , -3.9646884445006014 , -8.694545966586581 , -3.9537606846257933
0.555 , -4.83414304115926 , -8.660637881392613 , -4.0437883238077434
0.556 , -5.700206829298521 , -8.618251701505194 , -4.1301768264458
0.557 , -6.56203199944904 , -8.567417752512794 , -4.212848448718628
0.558 , -7.41877377470032 , -8.508174746218014 , -4.29172879174634
0.559 , -8.26959124932212 , -8.440569751265429 , -4.366746868544491
0.56 , -9.113648224448664 , -8.364658155364806 , -4.437835167907523
0.561 , -9.950114039985145 , -8.28050361914122 , -4.504929715164318
0.562 , -10.778164401899268 , -8.18817802165208 , -4.567970129751106
0.563 , -11.596982204064476 , -8.087761397619628 , -4.626899679549851
0.564 , -12.405758343826438 , -7.979341866435817 , -4.6816653319433605
0.565 , -13.20369253047002 , -7.863015553004934 , -4.7322178015410445
0.566 , -13.989994085770514 , -7.7388865004976015 , -4.778511594532467
0.567 , -14.763882735820275 , -7.607066575098051 , -4.820505049628666
0.568 , -15.52458939333008 , -7.467675362834735 , -4.858160375554524
0.569 , -16.271356929613553 , -7.320840058592408 , -4.891443685058375
0.57 , -17.003440935472796 , -7.166695347411779 , -4.920325025408217
0.571 , -17.720110470213974 , -7.00538327819075 , -4.944778405347164
0.572 , -18.42064879803305 , -6.837053129908955 , -4.964781818483831
0.573 , -19.104354111023945 , -6.6618612705050175 , -4.980317263096581
0.574 , -19.770540238074446 , -6.479971008543407 , -4.991370758333874
0.575 , -20.418537338928786 , -6.291552437815171 , -4.997932356796086
0.576 , -21.047692582710305 , -6.096782275024056 , -4.999996153487495
0.577 , -21.65737081021271 , -5.895843690716581 , -4.99756029113038
0.578 , -22.24695517928437 , -5.6889261336215755 , -4.990626961836448
0.579 , -22.81584779264653 , -5.476225148571436 , -4.979202405134076
0.58 , -23.363470307503672 , -5.2579421881839234 , -4.963296902353166
0.581 , -23.889264526322066 , -5.034284418489746 , -4.9429247673726255
0.582 , -24.39269296817104 , -4.805464518697372 , -4.918104333738863
0.583 , -24.87323942004078 , -4.571700475292536 , -4.888857938166821
0.584 , -25.330409467570032 , -4.33321537067574 , -4.855211900438437
0.585 , -25.763731004637606 , -4.0902371665466495 , -4.81719649971663
0.586 , -26.17275472129227 , -3.842998482249706 , -4.774845947296092
0.587 , -26.55705456951724 , -3.5917363683004617 , -4.728198355815414
0.588 , -26.916228206347288 , -3.336692075317112 , -4.6772957049583175
0.589 , -27.249897413878998 , -3.0781108185864454 , -4.622183803674746
0.59 , -27.557708495737643 , -2.816241538497946 , -4.562912248955922
0.591 , -27.839332649587437 , -2.551336657084044 , -4.499534381200368
0.592 , -28.09446631529584 , -2.2836518309085694 , -4.432107236211192
0.593 , -28.322831498386698 , -2.0134457005492257 , -4.360691493867698
0.594 , -28.52417606844162 , -1.7409796369234682 , -4.28535142351756
0.595 , -28.698274032133966 , -1.4665174847104434 , -4.2061548261388
0.596 , -28.84492578060501 , -1.190325303124686 , -4.123172973323457
0.597 , -28.96395831091748 , -0.9126711043000495 , -4.03648054313794
0.598 , -29.055225421347487 , -0.6338245895448535 , -3.946155552917862
0.599 , -29.118607880301973 , -0.3540568837314862 , -3.8522792890576767
0.6 , -29.154013568675122 , -0.07364026808568075 , -3.7549362338583805
0.601 , -29.16137759548369 , 0.20715208835759713 , -3.654213989499204
0.602 , -29.14066238664793 , 0.4880463983632704 , -3.550203199201534
0.603 , -29.091857746811602 , 0.7687685269007274 , -3.4429974656560978
0.604 , -29.01498089412153 , 1.049044262073396 , -3.332693266786928
0.605 , -28.910076467914188 , 1.3285995863022344 , -3.21938986892771
0.606 , -28.777216509283964 , 1.6071609474917055 , -3.103189237488741
0.607 , -28.616500414534794 , 1.8844555299067172 , -2.984195945195021
0.608 , -28.428054861544123 , 2.160211524489217 , -2.8625170779778237
0.609 , -28.212033709095202 , 2.4341583983435955 , -2.7382621386045383
0.61 , -27.968617869260843 , 2.706027163120798 , -2.611542948133658
0.611 , -27.698015152948763 , 2.975550642032067 , -2.482473545283333
0.612 , -27.400460088745557 , 3.2424637352245296 , -2.351170083804175
0.613 , -27.076213715223105 , 3.5065036832523955 , -2.217750727948813
0.614 , -26.725563346897864 , 3.767410328379388 , -2.08233554613198
0.615 , -26.348822314059927 , 4.024926373450099 , -1.9450464028770773
0.616 , -25.946329676714917 , 4.278797638070349 , -1.8060068491462622
0.617 , -25.518449912907883 , 4.528773311839249 , -1.665342011153021
0.618 , -25.06557258172396 , 4.774606204378552 , -1.5231784777569721
0.619 , -24.588111961286103 , 5.016052991908035 , -1.379644186542388
0.62 , -24.0865066620953 , 5.252874460119036 , -1.2348683086831045
0.621 , -23.561219216083394 , 5.484835743101939 , -1.0889811326971337
0.622 , -23.0127356417732 , 5.711706558087296 , -0.9421139471957395
0.623 , -22.441564985964472 , 5.9332614357643925 , -0.7943989227326529
0.624 , -21.84823884238803 , 6.14927994594549 , -0.645968992859443
0.625 , -21.233310847793483 , 6.359546918348539 , -0.49695773449424085
0.626 , -20.59735615595863 , 6.563852658276046 , -0.34749924771163476
0.627 , -19.940970890131023 , 6.761993156972809 , -0.19772803506160147
0.628 , -19.26477157443374 , 6.95377029645057 , -0.04777888052623694
0.629 , -18.569394544788683 , 7.1389920485730824 , 0.10221327177662351
0.63 , -17.855495339931373 , 7.31747266820084 , 0.25211343903405614
0.631 , -17.12374807311129 , 7.4890328802006305 , 0.4017867212135224
0.632 , -16.374844785091227 , 7.653500060131153 , 0.5510984224636866
0.633 , -15.609494779078112 , 7.81070840842228 , 0.6999141723316433
0.634 , -14.828423938235884 , 7.96049911787201 , 0.8481000466873088
0.635 , -14.032374026448684 , 8.102720534291823 , 0.9955226882459911
0.636 , -13.222101973019502 , 8.237228310137983 , 1.1420494265810002
0.637 , -12.398379142005703 , 8.363885550973345 , 1.2875483975181277
0.638 , -11.561990586908369 , 8.482562954611362 , 1.431888661804398
0.639 , -10.713734291447233 , 8.5931389428013 , 1.5749403229446295
0.64 , -9.854420397167104 , 8.69549978532111 , 1.716574644099477
0.641 , -8.984870418634992 , 8.789539716352003 , 1.856664163939964
0.642 , -8.105916446999792 , 8.875161043016474 , 1.995082811353976
0.643 , -7.2184003426981445 , 8.952274245969326 , 2.131706018901803
0.644 , -6.3231729181012115 , 9.02079807193923 , 2.266410834918475
0.645 , -5.421093110907289 , 9.080659618126367 , 2.399076034161861
0.646 , -4.513027149094652 , 9.13179440836982 , 2.529582226907261
0.647 , -3.5998477082576703 , 9.174146461006675 , 2.6578119663901374
0.648 , -2.6824330621570027 , 9.207668348352986 , 2.783649854500188
0.649 , -1.761666227321704 , 9.23232124774525 , 2.906982645631903
0.65 , -0.838434102547179 , 9.248074984089387 , 3.0276993485980053
0.651 , 0.08637339586175974 , 9.254908063872701 , 3.145691326513944
0.652 , 1.01186420224903 , 9.252807700602933 , 3.260852394563801
0.653 , 1.9371449723093233 , 9.241769831646936 , 3.373078915559499
0.654 , 2.861321955474017 , 9.221799126450225 , 3.4822698932071883
0.655 , 3.7835018681190395 , 9.192908986127179 , 3.5883270629971453
0.656 , 4.702792766731758 , 9.15512153442035 , 3.6911549806352277
0.657 , 5.6183049201737925 , 9.108467600035917 , 3.7906611079362253
0.658 , 6.529151680177384 , 9.052986690370984 , 3.886755896102017
0.659 , 7.434450349214483 , 8.988726956656953 , 3.9793528663094815
0.66 , 8.333323044880178 , 8.915745150551857 , 4.068368687535527
0.661 , 9.224897559935364 , 8.83410657222301 , 4.153723251549428
0.662 , 10.108308217157665 , 8.743885009969883 , 4.235339745004854
0.663 , 10.982696718154653 , 8.645162671445503 , 4.313144718566631
0.664 , 11.847212985299203 , 8.538030106543133 , 4.387068153010232
0.665 , 12.701015995953517 , 8.422586122023247 , 4.457043522234333
0.666 , 13.543274608155842 , 8.298937687964093 , 4.523007853129844
0.667 , 14.373168376952252 , 8.167199836127288 , 4.584901782251408
0.668 , 15.18988836056498 , 8.02749555033795 , 4.642669609240524
0.669 , 15.992637915598776 , 7.879955648986856 , 4.696259346952129
0.67 , 16.78063348049746 , 7.724718659769956 , 4.745622768239473
0.671 , 17.553105346474457 , 7.561930686788313 , 4.790715449355323
0.672 , 18.30929841515329 , 7.391745270139174 , 4.83149680993035
0.673 , 19.04847294216721 , 7.214323238136351 , 4.8679301494926905
0.674 , 19.769905265980842 , 7.029832552305422 , 4.899982680495912
0.675 , 20.472888521211384 , 6.838448145306493 , 4.927625557825598
0.676 , 21.156733335742032 , 6.640351751944279 , 4.950833904757989
0.677 , 21.82076851093646 , 6.435731733432161 , 4.969586835347358
0.678 , 22.464341684279677 , 6.224782895083573 , 4.983867473221965
0.679 , 23.086819973788035 , 6.00770629761065 , 4.993662966771634
0.68 , 23.6875906035491 , 5.784709062216385 , 4.998964500713346
0.681 , 24.26606150977074 , 5.556004169672748 , 4.999767304024398
0.682 , 24.821661926738013 , 5.321810253583174 , 4.996070654235996
0.683 , 25.35384295209633 , 5.082351388033641 , 4.9878778780834345
0.684 , 25.862078090899693 , 4.837856869842081 , 4.975196348512254
0.685 , 26.345863777883903 , 4.5885609956212905 , 4.9580374780430905
0.686 , 26.804719877446033 , 4.334702833875595 , 4.936416708501181
0.687 , 27.238190160833593 , 4.076525992356504 , 4.9103534971197496
0.688 , 27.645842760069243 , 3.8142783809072363 , 4.879871299029828
0.689 , 28.027270598159966 , 3.54821197003052 , 4.844997546152209
0.69 , 28.382091795163017 , 3.2785825454182547 , 4.805763622510582
0.691 , 28.709950049704844 , 3.0056494586856566 , 4.762204835988005
0.692 , 29.01051499557341 , 2.729675374556235 , 4.71436038655222
0.693 , 29.283482533029034 , 2.4509260147474645 , 4.662273330978324
0.694 , 29.52857513450378 , 2.169669898810261 , 4.60599054410055
0.695 , 29.745542124384805 , 1.886178082178388 , 4.54556267662812
0.696 , 29.934159932602643 , 1.6007238916866346 , 4.481044109563009
0.697 , 30.094232321771308 , 1.3135826588191266 , 4.412492905260686
0.698 , 30.225590587653222 , 1.0250314509513234 , 4.339970755177965
0.699 , 30.328093732748354 , 0.7353488008512359 , 4.263542924354829
0.7 , 30.401628612833477 , 0.44481443470708215 , 4.18327819268028
0.701 , 30.446110056304185 , 0.15370899895003204 , 4.099248792995125
0.702 , 30.46148095619919 , -0.1376862138581541 , 4.0115303460872775
0.703 , 30.447712334813374 , -0.4290895398018933 , 3.920201792638116
0.704 , 30.404803380833187 , -0.7202192187816387 , 3.825345322181262
0.705 , 30.332781458955022 , -1.0107936698051645 , 3.72704629913752
0.706 , 30.231702091974505 , -1.3005317661285303 , 3.625393185992621
0.707 , 30.10164891536165 , -1.5891531099751783 , 3.520477463687027
0.708 , 29.942733604364133 , -1.8763783065620743 , 3.4123935492892272
0.709 , 29.755095773707925 , -2.161929237162538 , 3.3012387110267087
0.71 , 29.538902849991672 , -2.4455293309364117 , 3.1871129807511944
0.711 , 29.29434991689803 , -2.726903835259491 , 3.0701190639166898
0.712 , 29.021659533372084 , -3.0057800842856652 , 2.950362247151466
0.713 , 28.721081524943518 , -3.2818877654770353 , 2.8279503035072837
0.714 , 28.392892748395813 , -3.554959183839326 , 2.7029933954708634
0.715 , 28.03739683001188 , -3.8247295236022465 , 2.575603975825115
0.716 , 27.654923877651655 , -4.0909371070870275 , 2.445896686449162
0.717 , 27.24583016694295 , -4.353323650506214 , 2.3139882551484776
0.718 , 26.810497801892332 , -4.611634516443877 , 2.179997390607697
0.719 , 26.349334350247943 , -4.865618962767749 , 2.044044675560763
0.72 , 25.862772453971168 , -5.115030387728384 , 1.9062524582747007
0.721 , 25.35126941519833 , -5.359626571004265 , 1.7667447424443885
0.722 , 24.815306758097904 , -5.599169910455856 , 1.6256470755975525
0.723 , 24.255389767052318 , -5.833427654355893 , 1.4830864361105638
0.724 , 23.67204700161673 , -6.062172128867744 , 1.3391911189364245
0.725 , 23.065829788729953 , -6.285180960548431 , 1.1940906201479138
0.726 , 22.43731169267511 , -6.502237293657867 , 1.0479155203999686
0.727 , 21.78708796330932 , -6.713130002061087 , 0.9007973674158566
0.728 , 21.115774963103213 , -6.9176538955156115 , 0.7528685576030512
0.729 , 20.42400957355165 , -7.115609920141724 , 0.6042622169055059
0.73 , 19.71244858153748 , -7.306805352879233 , 0.45511208099923933
0.731 , 18.981768046249556 , -7.491053989740298 , 0.3055523749391998
0.732 , 18.232662647275525 , -7.668176327674057 , 0.15571769236588148
0.733 , 17.46584501450812 , -7.83799973986521 , 0.005742874380080558
0.734 , 16.682045040521597 , -8.000358644295193 , -0.1442371118050478
0.735 , 15.882009176092078 , -8.155094665401329 , -0.2940872943252646
0.736 , 15.066499709551945 , -8.302056788676175 , -0.4436728181308678
0.737 , 14.236294030684327 , -8.441101508056361 , -0.5928590663471877
0.738 , 13.39218387987869 , -8.572092965957289 , -0.7415117814205816
0.739 , 12.534974583282962 , -8.69490308581748 , -0.8894971859412405
0.74 , 11.665484274701214 , -8.809411697023695 , -1.0366821030337938
0.741 , 10.784543104998844 , -8.915506652095596 , -1.1829340762075768
0.742 , 9.892992439789285 , -9.013083936016344 , -1.3281214885584278
0.743 , 8.99168404618765 , -9.102047767603326 , -1.47211368121507
0.744 , 8.081479269427318 , -9.182310692821133 , -1.6147810709233281
0.745 , 7.163248200145205 , -9.253793669946834 , -1.7559952666622074
0.746 , 6.237868833150522 , -9.316426146505703 , -1.8956291851871994
0.747 , 5.306226218499951 , -9.3701461279037 , -2.03355716539667
0.748 , 4.369211605709581 , -9.414900237691185 , -2.169655081418275
0.749 , 3.4277215819404625 , -9.45064376940068 , -2.3038004543139117
0.75 , 2.4826572050003946 , -9.47734072990975 , -2.4358725623025475
0.751 , 1.5349231320094194 , -9.494963874288533 , -2.5657525494015765
0.752 , 0.5854267445805661 , -9.503494732099764 , -2.69332353238923
0.753 , -0.36492272862941033 , -9.502923625127659 , -2.818470705991633
0.754 , -1.3152150911421763 , -9.493249676520422 , -2.941081446199709
0.755 , -2.2645400587942186 , -9.474480811339632 , -3.0610454116232324
0.756 , -3.2119881399281818 , -9.446633748518234 , -3.178254642790676
0.757 , -4.156651514780005 , -9.40973398423731 , -3.2926036593053603
0.758 , -5.097624913203736 , -9.363815766740258 , -3.403989554770736
0.759 , -6.034006489877762 , -9.308922062611448 , -3.5123120893992335
0.76 , -6.964898696138907 , -9.24510451455478 , -3.617473780221225
0.761 , -7.889409147594385 , -9.172423390715979 , -3.7193799888131602
0.762 , -8.806651486665983 , -9.0909475256007 , -3.817939006465793
0.763 , -9.715746239226053 , -9.000754252648845 , -3.913062136715758
0.764 , -10.615821664490937 , -8.901929328533594 , -4.004663775166449
0.765 , -11.506014597344297 , -8.794566849261848 , -4.0926614865261755
0.766 , -12.385471282270482 , -8.678769158160751 , -4.176976078794402
0.767 , -13.253348198086556 , -8.554646745842954 , -4.257531674529139
0.768 , -14.108812872670851 , -8.422318142251077 , -4.334255779131559
0.769 , -14.951044686895958 , -8.281909800889643 , -4.407079346086257
0.77 , -15.779235666984922 , -8.133555975360311 , -4.475936839098409
0.771 , -16.592591264520955 , -7.977398588323828 , -4.540766291072037
0.772 , -17.390331123353338 , -7.813587093019441 , -4.601509359876238
0.773 , -18.171689832655282 , -7.642278327479817 , -4.658111380849115
0.774 , -18.935917665403263 , -7.463636361586604 , -4.7105214159923054
0.775 , -19.682281301561922 , -7.277832337118752 , -4.758692299811767
0.776 , -20.410064535273797 , -7.085044300952494 , -4.802580681763492
0.777 , -21.118568965369047 , -6.885457031578599 , -4.842147065266095
0.778 , -21.807114668526907 , -6.679261859108921 , -4.877355843245085
0.779 , -22.4750408544378 , -6.466656478950634 , -4.908175330176798
0.78 , -23.121706502332863 , -6.247844759332652 , -4.934577790603243
0.781 , -23.746490978266127 , -6.0230365428746735 , -4.956539464092159
0.782 , -24.348794632553595 , -5.792447442395065 , -4.974040586619767
0.783 , -24.9280393767931 , -5.556298631159323 , -4.987065408357083
0.784 , -25.483669239909034 , -5.314816627776242 , -4.995602207843695
0.785 , -26.015150902686656 , -5.068233075954037 , -4.999643302536281
0.786 , -26.52197421028206 , -4.816784519333614 , -4.999185055722384
0.787 , -27.003652662215423 , -4.560712171620902 , -4.994227879793204
0.788 , -27.459723879377513 , -4.300261682244646 , -4.984776235872478
0.789 , -27.88975004760198 , -4.035682897770335 , -4.9708386298017695
0.79 , -28.293318337379013 , -3.7672296193049757 , -4.9524276044857825
0.791 , -28.67004129930951 , -3.495159356131237 , -4.92955972860459
0.792 , -29.019557234922633 , -3.21973307581304 , -4.902255581702954
0.793 , -29.341530542503936 , -2.94121495101801 , -4.870539735670113
0.794 , -29.635652037605738 , -2.659872103305289 , -4.834440732626735
0.795 , -29.901639247936266 , -2.375974344130033 , -4.7939910592389525
0.796 , -30.13923668234927 , -2.089793913318522 , -4.749227117482549
0.797 , -30.348216073681122 , -1.8016052152701256 , -4.700189191883619
0.798 , -30.528376595208137 , -1.5116845531444705 , -4.646921413265247
0.799 , -30.679545050522584 , -1.220309861293963 , -4.589471719032727
0.8 , -30.80157603665198 , -0.9277604362034029 , -4.527891810033119
0.801 , -30.89435208027232 , -0.6343166661997255 , -4.462237104028009
0.802 , -30.957783746892293 , -0.3402597601959647 , -4.392566685821252
0.803 , -30.99180972291189 , -0.04587147573431827 , -4.3189432540866015
0.804 , -30.99639687048532 , 0.24856615340627458 , -4.241433064943198
0.805 , -30.971540255144692 , 0.5427710897723637 , -4.160105872329499
0.806 , -30.917263146167457 , 0.8364615647023422 , -4.075034865229416
0.807 , -30.833616989697223 , 1.1293563504314954 , -3.9862966018072266
0.808 , -30.720681354654072 , 1.421175031570825 , -3.8939709405103704
0.809 , -30.57856385149699 , 1.7116382756955124 , -3.7981409682021976
0.81 , -30.40740002392744 , 2.000468102779913 , -3.698892925389467
0.811 , -30.207353213649448 , 2.287388153217267 , -3.5963161286116803
0.812 , -29.97861439832772 , 2.5721239541638576 , -3.4905028900621864
0.813 , -29.721402002911336 , 2.854403183949158 , -3.3815484345135136
0.814 , -29.43596168451642 , 3.13395593429555 , -3.269550813621451
0.815 , -29.122566091086867 , 3.4105149700935113 , -3.1546108176852004
0.816 , -28.781514594077517 , 3.683815986480721 , -3.036831884942863
0.817 , -28.413132995429446 , 3.9535978629763258 , -2.916320008484079
0.818 , -28.017773209131814 , 4.219602914424647 , -2.7931836408633686
0.819 , -27.59581291768935 , 4.481577138505897 , -2.667533596500107
0.82 , -27.14765520383876 , 4.739270459574972 , -2.5394829519531106
0.821 , -26.67372815788126 , 4.992436968593146 , -2.4091469441593287
0.822 , -26.174484461021947 , 5.240835158921455 , -2.2766428667283285
0.823 , -25.650400945129803 , 5.484228157748764 , -2.142089964386056
0.824 , -25.101978129354926 , 5.722383952931908 , -2.005609325662587
0.825 , -24.529739734061735 , 5.955075615029958 , -1.8673237739205737
0.826 , -23.93423217255874 , 6.182081514319469 , -1.727357756822605
0.827 , -23.316024021126793 , 6.403185532582634 , -1.5858372343366636
0.828 , -22.67570546786853 , 6.618177269465511 , -1.4428895653806046
0.829 , -22.013887740921977 , 6.826852243208917 , -1.2986433932078267
0.83 , -21.331202516601085 , 7.029012085560216 , -1.1532285296369784
0.831 , -20.628301308045064 , 7.224464730680056 , -1.00677583823003
0.832 , -19.90585483497706 , 7.413024597864068 , -0.8594171165240049
0.833 , -19.164552375190652 , 7.594512767905717 , -0.7112849774220408
0.834 , -18.40510109840008 , 7.768757152932833 , -0.562512729850675
0.835 , -17.6282253831068 , 7.935592659556803 , -0.4132342587909137
0.836 , -16.83466611715112 , 8.094861345180052 , -0.26358390479073396
0.837 , -16.025179982633116 , 8.24641256731425 , -0.11369634306760466
0.838 , -15.20053872590169 , 8.390103125768547 , 0.03629353769001255
0.839 , -14.361528413324836 , 8.52579739757424 , 0.18625075671344904
0.84 , -13.508948673567412 , 8.653367464519416 , 0.3360403626273746
0.841 , -12.64361192711547 , 8.772693233174447 , 0.4855275548969973
0.842 , -11.766342603798027 , 8.883662547296552 , 0.6345778051393394
0.843 , -10.877976349068371 , 8.986171292509232 , 0.7830569781897554
0.844 , -9.979359219817448 , 9.080123493159908 , 0.9308314528145785
0.845 , -9.071346870501458 , 9.165431401266833 , 1.0777682419611065
0.846 , -8.154803730374775 , 9.242015577474088 , 1.2237351124370264
0.847 , -7.230602172627366 , 9.30980496394134 , 1.368600703911412
0.848 , -6.299621676233231 , 9.368736949102907 , 1.5122346471300534
0.849 , -5.362747981322941 , 9.41875742423869 , 1.6545076812390374
0.85 , -4.420872238899072 , 9.459820831807507 , 1.7952917701108415
0.851 , -3.4748901557183216 , 9.491890205501416 , 1.9344602175681045
0.852 , -2.52570113516818 , 9.514937201987731 , 2.071887781401687
0.853 , -1.5742074149694067 , 9.528942124313513 , 2.207450786080255
0.854 , -0.6213132025380554 , 9.53389393695547 , 2.341027234049808
0.855 , 0.33207619115749165 , 9.529790272506323 , 2.4724969155232985
0.856 , 1.285055218408124 , 9.516637429996841 , 2.6017415166613684
0.857 , 2.2367189614078082 , 9.494450364860878 , 2.728644726046727
0.858 , 3.186163997893896 , 9.463252670558871 , 2.853092339356622
0.859 , 4.1324892649497835 , 9.423076551883332 , 2.9749723621390665
0.86 , 5.074796920138117 , 9.373962789977954 , 3.0941751106001965
0.861 , 6.012193199135912 , 9.315960699109958 , 3.2105933103123263
0.862 , 6.943789269046908 , 9.249128075243314 , 3.3241221927537357
0.863 , 7.86870207657124 , 9.17353113646835 , 3.434659589593183
0.864 , 8.786055190218075 , 9.089244455351173 , 3.542106024634564
0.865 , 9.694979635753192 , 8.996350883274095 , 3.646364803338745
0.866 , 10.594614724080602 , 8.894941466845978 , 3.7473420998421747
0.867 , 11.4841088707652 , 8.785115356469039 , 3.844947041393749
0.868 , 12.362620406412104 , 8.666979707156221 , 3.9390917901341975
0.869 , 13.229318377127726 , 8.54064957170065 , 4.029691622144255
0.87 , 14.08338333429779 , 8.406247786306036 , 4.116665003690408
0.871 , 14.924008112928394 , 8.263904848794134 , 4.19993366459978
0.872 , 15.750398597807807 , 8.113758789512424 , 4.279422668698041
0.873 , 16.561774476759048 , 7.955955035072204 , 4.355060481246837
0.874 , 17.35736998026627 , 7.790646265054089 , 4.426779033320266
0.875 , 18.13643460677168 , 7.617992261824629 , 4.494513783062336
0.876 , 18.89823383295414 , 7.438159753614315 , 4.558203773770229
0.877 , 19.642049808315573 , 7.251322251013626 , 4.617791688751246
0.878 , 20.367182033416935 , 7.057659877050044 , 4.673223902903981
0.879 , 21.072948021121938 , 6.857359191015008 , 4.724450530977254
0.88 , 21.758683940223438 , 6.650613006215705 , 4.771425472463485
0.881 , 22.423745240845008 , 6.437620201832331 , 4.814106453086062
0.882 , 23.06750726102824 , 6.218585529066983 , 4.852455062843298
0.883 , 23.689365813934938 , 5.993719411775728 , 4.886436790574862
0.884 , 24.28873775511251 , 5.763237741780555 , 4.916021055019501
0.885 , 24.865061529290568 , 5.527361669062892 , 4.941181232336088
0.886 , 25.417797696196857 , 5.28631738704514 , 4.961894680063298
0.887 , 25.946429434901372 , 5.040335913171254 , 4.978142757496297
0.888 , 26.450463026218497 , 4.789652865001737 , 4.989910842462104
0.889 , 26.92942831271867 , 4.534508232042591 , 4.997188344478572
0.89 , 27.38287913592293 , 4.275146143531652 , 4.999968714285103
0.891 , 27.810393750276095 , 4.011814632409475 , 4.998249449736542
0.892 , 28.211575213517044 , 3.7447653957054046 , 4.992032098054934
0.893 , 28.586051753087585 , 3.474253551572704 , 4.981322254437135
0.894 , 28.933477108244855 , 3.200537393209664 , 4.9661295570195065
0.895 , 29.25353084756582 , 2.9238781399063787 , 4.946467678204249
0.896 , 29.545918661556456 , 2.644539685459436 , 4.922354312355163
0.897 , 29.8103726301024 , 2.3627883441990902 , 4.893811159873903
0.898 , 30.04665146452231 , 2.0788925948755494 , 4.860863907671098
0.899 , 30.254540724009864 , 1.7931228226528504 , 4.823542206049866
0.9 , 30.43385300627515 , 1.505751059460378 , 4.781879642022515
0.901 , 30.58442811222119 , 1.2170507229534397 , 4.735913709084537
0.902 , 30.706133184516535 , 0.9272963543353956 , 4.685685773472973
0.903 , 30.798862819950074 , 0.6367633552947074 , 4.631241036939579
0.904 , 30.862539155479546 , 0.34572772431087334 , 4.572628496072331
0.905 , 30.897111927910633 , 0.05446579258357448 , 4.509900898201789
0.906 , 30.90255850716899 , -0.23674604016052436 , 4.443114693932037
0.907 , 30.87888390315294 , -0.5276315697290124 , 4.372329986338989
0.908 , 30.826120746180038 , -0.8179150511390805 , 4.297610476881665
0.909 , 30.74432924106613 , -1.107321461653678 , 4.219023408075145
0.91 , 30.63359709490076 , -1.395576762926045 , 4.136639502976893
0.911 , 30.494039418608157 , -1.682408162001301 , 4.0505329015407625
0.912 , 30.325798602408028 , -1.9675443709251295 , 3.9607810938960024
0.913 , 30.129044165315516 , -2.2507158647111916 , 3.8674648506114395
0.914 , 29.903972578844396 , -2.5316551374207363 , 3.770668150007372
0.915 , 29.650807065102324 , -2.810096956109953 , 3.6704781025807742
0.916 , 29.36979736949133 , -3.0857786124029105 , 3.566984872611681
0.917 , 29.06121950825104 , -3.358440171450467 , 3.4602815970214933
0.918 , 28.725375491105993 , -3.6278247180383105 , 3.350464301556
0.919 , 28.36259301930216 , -3.893678599610268 , 3.237631814368649
0.92 , 27.973225159341133 , -4.155751665976249 , 3.121885677081957
0.921 , 27.55764999274351 , -4.413797505477621 , 3.003330053406867
0.922 , 27.116270242195746 , -4.667573677386463 , 2.882071635402394
0.923 , 26.6495128744571 , -4.91684194031901 , 2.7582195474600573
0.924 , 26.157828680425197 , -5.16136847644767 , 2.6318852480992563
0.925 , 25.64169183278043 , -5.400924111300274 , 2.5031824296620755
0.926 , 25.101599421650405 , -5.63528452893968 , 2.372226915997943
0.927 , 24.538070968756436 , -5.864230482321546 , 2.239136558229942
0.928 , 23.95164792052428 , -6.0875479986329175 , 2.104031128696702
0.929 , 23.34289312066099 , -6.305028579419333 , 1.967032213165475
0.93 , 22.712390262719055 , -6.516469395313383 , 1.8282631014131068
0.931 , 22.060743323187715 , -6.72167347518303 , 1.6878486762735072
0.932 , 21.38857597566941 , -6.920449889523595 , 1.5459153012516298
0.933 , 20.69653098671705 , -7.112613927923012 , 1.4025907068047947
0.934 , 19.985269593924748 , -7.2979872704358755 , 1.2580038753938512
0.935 , 19.25547086688116 , -7.4763981527078185 , 1.112284925407767
0.936 , 18.50783105161038 , -7.647681524697957 , 0.9655649940658134
0.937 , 17.743062899140586 , -7.811679202853448 , 0.8179761194028651
0.938 , 16.96189497885524 , -7.968240015596694 , 0.6696511214441858
0.939 , 16.16507097729557 , -8.117219941992277 , 0.5207234826763013
0.94 , 15.353348983096343 , -8.25848224346742 , 0.37132722792180656
0.941 , 14.5275007587496 , -8.391897588466623 , 0.22159680372600044
0.942 , 13.688310999902937 , -8.517344169927997 , 0.07166695736417639
0.943 , 12.836576582910137 , -8.634707815475858 , -0.07832738442188317
0.944 , 11.973105801362552 , -8.743882090231304 , -0.2282512368489206
0.945 , 11.09871759233942 , -8.844768392149629 , -0.3779696785692903
0.946 , 10.214240753124457 , -8.937276039800766 , -0.5273479730911178
0.947 , 9.32051314914438 , -9.021322352516284 , -0.6762516900321014
0.948 , 8.418380913892753 , -9.09683272283388 , -0.8245468260976757
0.949 , 7.5086976416093645 , -9.16374068117779 , -0.9720999256749857
0.95 , 6.592323573491585 , -9.221987952721056 , -1.1187782009339822
0.951 , 5.6701247782194795 , -9.27152450638318 , -1.2644496513274008
0.952 , 4.742972327581161 , -9.312308595924268 , -1.4089831823823993
0.953 , 3.8117414679887345 , -9.344306793104408 , -1.5522487236767817
0.954 , 2.877310788678294 , -9.367494012884695 , -1.6941173458935008
0.955 , 1.9405613873898244 , -9.381853530653949 , -1.8344613768483895
0.956 , 1.0023760343244295 , -9.387376991472873 , -1.9731545163865594
0.957 , 0.06363833517714212 , -9.384064411335034 , -2.110071950043915
0.958 , -0.8747681059563613 , -9.371924170451733 , -2.2450904613717997
0.959 , -1.8119605230015345 , -9.350972998575465 , -2.378088542823525
0.96 , -2.747057822859081 , -9.321235952384278 , -2.508946505102871
0.961 , -3.679181418097509 , -9.282746384956932 , -2.637546584876417
0.962 , -4.607456056593202 , -9.235545907376311 , -2.7637730507526426
0.963 , -5.531010647330834 , -9.179684342506036 , -2.8875123074322757
0.964 , -6.448979081581437 , -9.115219670992673 , -3.008652997936453
0.965 , -7.360501048680705 , -9.042217969553331 , -3.127086103820458
0.966 , -8.264722845636038 , -8.960753341615742 , -3.2427050432830185
0.967 , -9.160798179797613 , -8.870907840385192 , -3.3554057670826483
0.968 , -10.047888963836133 , -8.772771384419801 , -3.465086852174985
0.969 , -10.925166102278114 , -8.666441665802779 , -3.5716495929867236
0.97 , -11.791810268858391 , -8.55202405100719 , -3.6749980902438883
0.971 , -12.64701267395911 , -8.429631474555743 , -3.7750393372747517
0.972 , -13.489975821414685 , -8.299384325584775 , -3.87168330370959
0.973 , -14.319914253973163 , -8.161410327428396 , -3.964843016501872
0.974 , -15.136055286716003 , -8.015844410345156 , -4.054434638198167
0.975 , -15.937639727750518 , -7.862828577516148 , -4.140377542386223
0.976 , -16.723922585502134 , -7.702511764449613 , -4.22259438625323
0.977 , -17.494173761947096 , -7.535049691933372 , -4.30101118018917
0.978 , -18.247678731140432 , -7.360604712682318 , -4.3755573543724955
0.979 , -18.983739202408664 , -7.179345651834104 , -4.446165822278145
0.98 , -19.701673767592073 , -6.991447641451832 , -4.512773041050927
0.981 , -20.400818531737258 , -6.7970919491981 , -4.575319068689812
0.982 , -21.080527726657067 , -6.596465801350106 , -4.6337476179916495
0.983 , -21.740174306792078 , -6.389762200330742 , -4.688006107205868
0.984 , -22.379150526825153 , -6.1771797369356065 , -4.7380457073545275
0.985 , -22.996868500518715 , -5.958922397440713 , -4.783821386175058
0.986 , -23.592760740262786 , -5.735199365780353 , -4.825291948646282
0.987 , -24.16628067684082 , -5.506224820989014 , -4.862420074061165
0.988 , -24.716903158939722 , -5.272217730105551 , -4.895172349612903
0.989 , -25.244124931950278 , -5.033401636741898 , -4.923519300464208
0.99 , -25.747465095624467 , -4.790004445522476 , -4.9474354162726755
0.991 , -26.226465540176715 , -4.54225820260415 , -4.966899174148373
0.992 , -26.68069136043713 , -4.290398872490042 , -4.9818930580229726
0.993 , -27.109731247686135 , -4.0346661113538165 , -4.992403574413044
0.994 , -27.513197858821517 , -3.7753030370940497 , -4.998421264563277
0.995 , -27.890728162530923 , -3.5125559963411828 , -4.999940712958715
0.996 , -28.24198376216504 , -3.2466743286421598 , -4.996960552198365
0.997 , -28.56665119502926 , -2.977910128050259 , -4.989483464225754
0.998 , -28.864442207834283 , -2.706518002349805 , -4.97751617791537
0.999 , -29.135094008069263 , -2.432754830147417 , -4.961069463017127
