0.0,0.0,0.0
0.0025025025025025025,4.303166576260323e-08,5.1640124753984006e-05
0.005005005005005005,3.4434394901006837e-07,0.00020626177378475788
0.0075075075075075074,1.160737914318569e-06,0.000462982569229344
0.01001001001001001,2.745630842812253e-06,0.0008203479419851245
0.012512512512512512,5.343438973582804e-06,0.0012768347613386687
0.015015015015015015,9.184189582992145e-06,0.001831575027577664
0.017517517517517518,1.4522818899595799e-05,0.0024804098752285782
0.02002002002002002,2.1602072970356504e-05,0.003218613581217202
0.02252252252252252,3.064828857888935e-05,0.004041247314410039
0.025025025025025023,4.1871393245461794e-05,0.004943159135614305
0.027527527527527528,5.546490522699364e-05,0.005918983997577929
0.03003003003003003,7.160593351705702e-05,0.0069631437449895524
0.032532532532532535,9.045517784587648e-05,0.008069847114478532
0.035035035035035036,0.00011215692868032882,0.009233089734614928
0.03753753753753754,0.0001368390672239432,0.010446654125909522
0.04004004004004004,0.00016461306541690134,0.0117041097008138
0.04254254254254254,0.00019557398593603693,0.012998812763719978
0.04504504504504504,0.00022980048219483634,0.014323906510960958
0.047547547547547545,0.00026735479834343826,0.015672321030810378
0.050050050050050046,0.00030828276926863355,0.017036773303482584
0.052552552552552555,0.0003526138205938657,0.01840976720113262
0.055055055055055056,0.00040036096867923,0.01978359348785626
0.05755755755755756,0.00045152082062147476,0.021150329819689978
0.06006006006006006,0.0005060735742540002,0.022501840744610965
0.06256256256256257,0.0005639830181468593,0.023829777702537136
0.06506506506506507,0.0006251965316067568,0.025125579025327083
0.06756756756756757,0.0006896559753154788,0.02638081673895999
0.07007007007007007,0.0007573764558972781,0.02759118954719745
0.07257257257257257,0.0008281924155045678,0.028750188915158806
0.07507507507507508,0.0009018869885553398,0.029850593199215684
0.07757757757757758,0.0009782424516996478,0.030885723074504545
0.08008008008008008,0.0010570402238196076,0.031849441534926706
0.08258258258258258,0.0011380608660293968,0.03273615389314832
0.08508508508508508,0.0012210840816752554,0.03354080778060038
0.08758758758758758,0.0013058887163354843,0.034258893147478736
0.09009009009009009,0.0013922527578204473,0.03488644226274405
0.09259259259259259,0.0014799533361725702,0.03542002971412188
0.09509509509509509,0.0015687667236663394,0.035856772408102575
0.09759759759759759,0.0016584683348083047,0.03619432956994136
0.10010010010010009,0.0017488327263370776,0.036430902743658296
0.10260260260260261,0.0018396335972233314,0.036565235792038284
0.10510510510510511,0.0019306437886698002,0.03659661489663106
0.10760760760760761,0.0020216352841112817,0.03652486855775122
0.11011011011011011,0.0021123792092146345,0.0363503675944782
0.11261261261261261,0.00220264583187878,0.036074025144656276
0.11511511511511512,0.002292204562234701,0.03569729666489456
0.11761761761761762,0.0023808239526454415,0.035222179930567026
0.12012012012012012,0.002468271697706109,0.03465121503581247
0.12262262262262262,0.0025543146342438716,0.03398748439353455
0.12512512512512514,0.00263871874131796,0.03323461273540176
0.12762762762762764,0.0027212491402196677,0.03239676711184744
0.13013013013013014,0.0028016700944723466,0.03147865689206977
0.13263263263263264,0.0028797450098314165,0.03048553376403176
0.13513513513513514,0.0029552364342843532,0.02942319173446131
0.13763763763763764,0.0030279060580506974,0.028297967128851104
0.14014014014014015,0.003097514713582051,0.02711673859145871
0.14264264264264265,0.003163851216645511,0.02588531810218078
0.14514514514514515,0.003226889730398518,0.024604567118703877
0.14764764764764765,0.0032865912524283145,0.02328344773160103
0.15015015015015015,0.003342917116826551,0.02193174098375204
0.15265265265265265,0.0033958423316408576,0.020558890500913765
0.15515515515515516,0.0034453555788748467,0.019174002491720108
0.15765765765765766,0.003491459214488112,0.017785845747681994
0.16016016016016016,0.003534169268396228,0.01640285164318741
0.16266266266266266,0.0035735154444707508,0.015033114135501381
0.16516516516516516,0.0036095411205392188,0.013684389764765962
0.16766766766766766,0.0036423033483851497,0.012364097654000268
0.17017017017017017,0.0036718728537480446,0.011079319509100443
0.17267267267267267,0.003698334036323385,0.009836799618839674
0.17517517517517517,0.0037217849697626336,0.0086429448548682
0.17767767767767767,0.003742337401673235,0.007503824671713292
0.18018018018018017,0.0037601167536186145,0.006425171106779263
0.18268268268268267,0.0037752621211181794,0.005412378780347473
0.18518518518518517,0.003787926273647318,0.0044705048955763285
0.18768768768768768,0.0037982756546373997,0.0036042692385012606
0.19019019019019018,0.003806490381475776,0.002818054178034768
0.19269269269269268,0.0038127642455057786,0.0021159046659663637
0.19519519519519518,0.003817304712026722,0.001501528236962625
0.19769769769769768,0.0038203329202939006,0.000978295008567158
0.20020020020020018,0.003822083683518591,0.0005492376812006108
0.20270270270270271,0.003822805488868052,0.0002170515381606855
0.20520520520520522,0.0038227604974655207,-1.5905554377880493e-05
0.20770770770770772,0.0038222245443902195,-0.00014761314736329995
0.21021021021021022,0.0038214871386773497,-0.0001763882088667637
0.21271271271271272,0.0038208514633180936,-0.00010088512408242337
0.21521521521521522,0.003820634375259617,7.990430467264345e-05
0.21771771771771772,0.003821142198581293,0.00036728163086293693
0.22022022022022023,0.0038225251489275116,0.0007639184016367345
0.22272272272272273,0.0038250297852377145,0.001265197492355851
0.22522522522522523,0.003828917015084135,0.0018652962827776425
0.22772772772772773,0.0038344315520692927,0.0025583399530865274
0.23023023023023023,0.003841801915825992,0.0033384014838939886
0.23273273273273273,0.003851240432017321,0.004199501656238572
0.23523523523523523,0.0038629432323366553,0.005135609051585886
0.23773773773773774,0.003877090254507654,0.006140640051828605
0.24024024024024024,0.003893845242284261,0.007208458839286462
0.24274274274274274,0.003913355745450707,0.00833287739670626
0.24524524524524524,0.003935753119821506,0.009507655507261856
0.24774774774774774,0.003961152527241459,0.010726500754554183
0.2502502502502503,0.0039896529355856495,0.011983068522611239
0.2527527527527528,0.004021337118759449,0.013270961995888054
0.2552552552552553,0.004056271656698511,0.014583732159266748
0.2577577577577578,0.004094506935368778,0.01591487779805651
0.2602602602602603,0.004136077146766472,0.01725784549799358
0.2627627627627628,0.004181000288918108,0.01860602964524126
0.2652652652652653,0.004229278165880478,0.01995277242638992
0.2677677677677678,0.004280896387740664,0.021291363828457005
0.2702702702702703,0.004335824370616032,0.022615041638886998
0.2727727727727728,0.0043940153366542325,0.02391699144555146
0.2752752752752753,0.004455406314033202,0.02519034663674901
0.2777777777777778,0.00451991813696116,0.02642818840120535
0.2802802802802803,0.004587455445676614,0.02762354572807321
0.2827827827827828,0.004657906686448356,0.02876939540693242
0.2852852852852853,0.004731144111575462,0.029858662027789834
0.2877877877877878,0.004807023779387291,0.03088421798107943
0.2902902902902903,0.004885385554243494,0.031838883457662163
0.2927927927927928,0.004966053106533999,0.032715426448826135
0.2952952952952953,0.005048833912679024,0.033506562746286474
0.2977977977977978,0.005133519255129072,0.03420495594218534
0.3003003003003003,0.005219900368948437,0.03480336538305969
0.3028028028028028,0.005307828634837283,0.03529796934423324
0.3053053053053053,0.005396996451772931,0.03568847911322272
0.3078078078078078,0.005487076064652081,0.035975033010004015
0.3103103103103103,0.0055777519374479705,0.0361580722836402
0.3128128128128128,0.005668720753210371,0.036238341112281545
0.3153153153153153,0.005759691414065587,0.03621688660316549
0.3178178178178178,0.005850385041216461,0.03609505879261671
0.3203203203203203,0.005940534974942369,0.03587451064604702
0.3228228228228228,0.00602988677459922,0.03555719805795547
0.3253253253253253,0.006118198218619459,0.03514537985192828
0.3278278278278278,0.00620523930451207,0.03464161778063886
0.3303303303303303,0.006290792248862566,0.03404877652584783
0.3328328328328328,0.006374651487332995,0.03337002369840299
0.3353353353353353,0.006456623674661947,0.03260882983823932
0.33783783783783783,0.006536527684664538,0.03176896841437902
0.34034034034034033,0.006614194610232426,0.03085451582493146
0.34284284284284283,0.006689467763333797,0.029869851397093205
0.34534534534534533,0.006762202675013379,0.02881965738714802
0.34784784784784784,0.006832267095392429,0.027708918980466856
0.35035035035035034,0.006899540993668743,0.026542924291507865
0.35285285285285284,0.00696391655811665,0.02532726436381637
0.35535535535535534,0.007025298196087013,0.02406783317002491
0.35785785785785784,0.007083602534007232,0.0227708276118532
0.36036036036036034,0.007138758417381242,0.021442747520108153
0.36286286286286284,0.00719070691078951,0.020090395654683874
0.36536536536536535,0.007239401297889039,0.018720877704561663
0.36786786786786785,0.007284807081413372,0.017341602287809996
0.37037037037037035,0.007326901983172577,0.01596028095158456
0.37287287287287285,0.007365675944053264,0.014584928172128229
0.37537537537537535,0.007401131124018578,0.013223861354771067
0.37787787787787785,0.007433281902108196,0.01188570083393033
0.38038038038038036,0.00746215487643833,0.010579369873110457
0.38288288288288286,0.00748778886420173,0.0093140946649031
0.38538538538538536,0.007510234901667676,0.008099404330987083
0.38788788788788786,0.007529556244181987,0.006945130922128437
0.39039039039039036,0.007545828366167016,0.005861409418180367
0.39289289289289286,0.007559151650114255,0.004855875502459985
0.39539539539539537,0.007569765267408656,0.003928191170270324
0.39789789789789787,0.007577981197637886,0.0030821875063501633
0.40040040040040037,0.00758410479702208,0.0023216617838701845
0.4029029029029029,0.007588433789213204,0.001649971057240312
0.40540540540540543,0.0075912582652950525,0.0010700321621097755
0.40790790790790793,0.007592860683783251,0.0005843217153670187
0.41041041041041043,0.007593515870625257,0.00019487611513976065
0.41291291291291293,0.007593491019200355,-9.67084592050204e-05
0.41541541541541543,0.00759304569031966,-0.0002892760470610883
0.41791791791791794,0.007592431812226118,-0.00038211090658293867
0.42042042042042044,0.007591893680594504,-0.00037493751468581967
0.42292292292292294,0.007591667958531425,-0.0002679205670457086
0.42542542542542544,0.007591983676575316,-6.16649780993293e-05
0.42792792792792794,0.007593062232696441,0.00024278411895585494
0.43043043043043044,0.007595117392296898,0.0006439413721616404
0.43293293293293295,0.007598355288210613,0.001139881210799087
0.43543543543543545,0.007602974420703339,0.0017282378453885097
0.43793793793793795,0.007609165657472663,0.002406205267689483
0.44044044044044045,0.0076171122336480025,0.0031705372507008483
0.44294294294294295,0.007626989751790601,0.0040175473486606965
0.44544544544544545,0.0076389661818935355,0.0049431088970463945
0.44794794794794796,0.007653201861381711,0.005942655012574545
0.45045045045045046,0.007669849495111864,0.007011178593201029
0.45295295295295296,0.00768905415537256,0.008143232318120981
0.45545545545545546,0.007710953281884194,0.009332928647768794
0.45795795795795796,0.007735676681798994,0.01057393982381813
0.46046046046046046,0.007763346529701015,0.0118594978691819
0.46296296296296297,0.007794077367606142,0.013182394588012278
0.46546546546546547,0.007827976104962091,0.014534981565700694
0.46796796796796797,0.00786514201864841,0.01590917016887785
0.47047047047047047,0.007905666752976472,0.017296431545413694
0.47297297297297297,0.007949634319689486,0.018687796624417434
0.4754754754754755,0.007997121097962485,0.020073856116237562
0.477977977977978,0.008048195834402336,0.021444760512461802
0.4804804804804805,0.008102919643047737,0.022790220085917152
0.482982982982983,0.008161346005369212,0.024099504890669837
0.4854854854854855,0.008223442085190005,0.025368404233472055
0.487987987987988,0.008288975999270518,0.026595516360390915
0.4904904904904905,0.008357704402332976,0.027773209455608853
0.492992992992993,0.008429385915399346,0.028894359276125683
0.4954954954954955,0.008503781094974431,0.029952355031168408
0.497997997997998,0.008580652433045887,0.030941099382191223
0.5005005005005005,0.00865976435708421,0.03185500844287553
0.503003003003003,0.008740883230042743,0.032689011779129855
0.5055055055055055,0.008823777350357677,0.03343855240908998
0.508008008008008,0.008908216951948041,0.03409958680311886
0.5105105105105106,0.00899397420421572,0.034668584883806614
0.513013013013013,0.009080823212045435,0.03514253002597058
0.5155155155155156,0.009168540015804754,0.03551891905665527
0.5180180180180181,0.009256902591344094,0.03579576225513237
0.5205205205205206,0.009345690849996716,0.03597158335290079
0.5230230230230231,0.009434686638578722,0.036045419533686604
0.5255255255255256,0.009523673739389065,0.036016821433443064
0.5280280280280281,0.00961243787020954,0.03588585314035065
0.5305305305305306,0.009700766684304786,0.035653092194816986
0.5330330330330331,0.009788449770422291,0.03531962958947692
0.5355355355355356,0.009875278652792387,0.034887069769192466
0.5380380380380381,0.00996104679112825,0.034357530631052825
0.5405405405405406,0.0100455495806259,0.03373364352437441
0.5430430430430431,0.010128584351964207,0.03301855325070081
0.5455455455455456,0.010209950371304882,0.0322159180638028
0.5480480480480481,0.010289448840292483,0.03132990966967833
0.5505505505505506,0.01036688289605441,0.03036521322655256
0.5530530530530531,0.010442057611200914,0.02932702734487784
0.5555555555555556,0.01051477999382509,0.02822106408733369
0.5580580580580581,0.010584858987502874,0.027053548968826835
0.5605605605605606,0.010652105471293048,0.025831220956491187
0.5630630630630631,0.010716332259737242,0.02456133246968781
0.5655655655655656,0.010777354102859934,0.023251649380005034
0.5680680680680681,0.010834987686168439,0.02191045101125831
0.5705705705705706,0.010889051630652923,0.0205465301394903
0.5730730730730731,0.010939366492786397,0.019169192992970856
0.5755755755755756,0.010985759359130123,0.017787822443018405
0.5780780780780781,0.011028245096601602,0.016402151502923314
0.5805805805805806,0.011066978523840323,0.015018028312427536
0.5830830830830831,0.011102100871958415,0.013645360314680223
0.5855855855855856,0.01113375741534348,0.012293542979606048
0.5880880880880881,0.01116209747165859,0.01097145980390521
0.5905905905905906,0.01118727440184229,0.009687482311053423
0.5930930930930931,0.01120944561010859,0.008449470051301942
0.5955955955955956,0.011228772543946983,0.0072647706016775275
0.5980980980980981,0.011245420694122418,0.0061402195659824785
0.6006006006006006,0.011259559594675327,0.005082140574794605
0.6031031031031031,0.011271362822921604,0.004096345285467248
0.6056056056056056,0.01128100799945262,0.003188133382129272
0.6081081081081081,0.011288676788135218,0.002362292575685071
0.6106106106106106,0.011294554896111702,0.0016230986038145434
0.6131131131131131,0.011298832073799859,0.0009743152309731329
0.6156156156156156,0.01130170211489294,0.0004191942483917979
0.6181181181181181,0.011303362856359666,-3.952452592297789e-05
0.6206206206206206,0.011304016178444235,-0.0003996132471891997
0.6231231231231231,0.011303868004666312,-0.0006593560438493233
0.6256256256256256,0.01130312830182103,-0.0008175490175703071
0.6281281281281281,0.011302011079979,-0.0008735002432435635
0.6306306306306306,0.011300734392486297,-0.0008270297689849972
0.6331331331331331,0.011299520335964472,-0.0006784696161349739
0.6356356356356356,0.011298595050310544,-0.000428663779258355
0.6381381381381381,0.011298188718697004,-7.896822614446297e-05
0.6406406406406406,0.011298535567571813,0.00036874910219288765
0.6431431431431431,0.011299873866658402,0.0009121082915154385
0.6456456456456456,0.011302445928955678,0.001548217454360415
0.6481481481481481,0.011306498110738014,0.002273672730040588
0.6506506506506506,0.011312280811555255,0.003084558284644252
0.6531531531531531,0.011320048474232717,0.003976446311035229
0.6556556556556556,0.011330059584871186,0.004944397028852835
0.6581581581581581,0.011342576672846922,0.005982958684511968
0.6606606606606606,0.011357866310811654,0.00708616755120299
0.6631631631631631,0.01137619911469258,0.008247547928891801
0.6656656656656657,0.011397849743692371,0.009460112144319872
0.6681681681681682,0.011423073475317139,0.010718307282168238
0.6706706706706707,0.011451900627072058,0.012024407124968576
0.6731731731731732,0.011484298939640885,0.013369126457621623
0.6756756756756757,0.011520238039615877,0.014741574978654737
0.6781781781781782,0.011559678783773704,0.016131307648565612
0.6806806806806807,0.01160257325907544,0.01752832468982227
0.6831831831831832,0.011648864782666564,0.018923071586863065
0.6856856856856857,0.011698487901876966,0.02030643908609668
0.6881881881881882,0.011751368394220946,0.021669763195902136
0.6906906906906907,0.011807423267397204,0.02300482518662877
0.6931931931931932,0.011866560759288856,0.024303851590596268
0.6956956956956957,0.011928680337963416,0.025559514202094635
0.6981981981981982,0.011993672701672814,0.026764930077384202
0.7007007007007007,0.012061419778853381,0.027913661534695648
0.7032032032032032,0.012131794728125861,0.028999716154229964
0.7057057057057057,0.0122046619382954,0.030017546778158488
0.7082082082082082,0.012279877028351557,0.030962051510622868
0.7107107107107107,0.012357286847468292,0.03182857371773511
0.7132132132132132,0.01243672947500398,0.03261290202757754
0.7157157157157157,0.012518034220501394,0.03331127033020279
0.7182182182182182,0.012601021623687723,0.033920357777633865
0.7207207207207207,0.012685503454474563,0.03443728878386407
0.7232232232232232,0.012771282712957908,0.034859633024857055
0.7257257257257257,0.012858153629418171,0.03518540543854679
0.7282282282282282,0.012945901664320166,0.035413066224837586
0.7307307307307307,0.013034303508313114,0.03554152084560409
0.7332332332332332,0.01312312708223065,0.035570120024691246
0.7357357357357357,0.013212131537090804,0.03549865974791438
0.7382382382382382,0.013301067254096029,0.0353273812630591
0.7407407407407407,0.013389675844633173,0.035056971079881386
0.7432432432432432,0.013477690150273497,0.03468856097010753
0.7457457457457457,0.013564834242772668,0.034223727967434135
0.7482482482482482,0.013650823424070762,0.033664494367528185
0.7507507507507507,0.013735364226292261,0.03301332772802691
0.7532532532532532,0.013818154411746053,0.032273140868537976
0.7557557557557557,0.013898882972925436,0.031447291870639306
0.7582582582582582,0.013977230132508116,0.030539584077879177
0.7607607607607607,0.014052867343356201,0.029554266095776202
0.7632632632632632,0.014125487499636465,0.02849353145694103
0.7657657657657657,0.01419498908675337,0.027354637380264484
0.7682682682682682,0.014261313238883229,0.026147510837420153
0.7707707707707707,0.014324405710809611,0.02488305197263021
0.7732732732732732,0.014384223568207644,0.023571793506568333
0.7757757757757757,0.014440735187644011,0.022223900736359707
0.7782782782782782,0.014493920256576956,0.020849171535581003
0.7807807807807807,0.014543769773356278,0.019457036354260396
0.7832832832832832,0.014590286047223336,0.018056558218877555
0.7857857857857857,0.014633482698311044,0.016656432732363655
0.7882882882882882,0.01467338465764388,0.015264988074101362
0.7907907907907907,0.014710028167137871,0.013890184999924844
0.7932932932932932,0.014743460779600611,0.01253961684211977
0.7957957957957957,0.014773741358731246,0.011220509509423299
0.7982982982982982,0.01480094007912048,0.00993972148702409
0.8008008008008007,0.014825138426250578,0.008703743836562309
0.8033033033033034,0.014846429196495363,0.007518700196129564
0.8058058058058059,0.014864916497120208,0.006390346780269108
0.8083083083083084,0.014880715746282058,0.00532407237997554
0.8108108108108109,0.014893953673029401,0.004324898362695027
0.8133133133133134,0.014904768317302293,0.0033974786723252187
0.8158158158158159,0.014913309029932344,0.0025460998292152447
0.8183183183183184,0.014919736472642725,0.001774680930165782
0.8208208208208209,0.014924222618048159,0.0010867736484289486
0.8233233233233234,0.01492695074965493,0.0004855622337084156
0.8258258258258259,0.014928115461860883,-2.61364878407222e-05
0.8283283283283284,0.014927922659955416,-0.0004458731136117479
0.8308308308308309,0.01492658956011949,-0.0007715656645465863
0.8333333333333334,0.014924344689425616,-0.0010014995851355853
0.8358358358358359,0.014921427885837871,-0.0011343277434175993
0.8383383383383384,0.014918090298211886,-0.0011690704309800064
0.8408408408408409,0.014914594386294852,-0.0011051153629586495
0.8433433433433434,0.014911213920725511,-0.000942217678037937
0.8458458458458459,0.014908233983034175,-0.0006804999384507036
0.8483483483483484,0.014905950965642702,-0.0003204521299783672
0.8508508508508509,0.014904672571864517,0.00013706833804925933
0.8533533533533534,0.014904717815904595,0.0006908366327537489
0.8558558558558559,0.014906417022859475,0.0013392604977082376
0.8583583583583584,0.014910111828717251,0.002080380252937334
0.8608608608608609,0.014916154439678576,0.002911929605420422
0.8633633633633634,0.014924773262105813,0.0038368176899133905
0.8658658658658659,0.014936068470822319,0.004850293266400424
0.8683683683683684,0.014950157091008894,0.005941830697997056
0.8708708708708709,0.014967143235216005,0.007101203098780388
0.8733733733733734,0.014987118103363787,0.008318482333789087
0.8758758758758759,0.01501015998274204,0.009584039019023393
0.8783783783783784,0.015036334248010229,0.010888542521445109
0.8808808808808809,0.015065693361197487,0.012222960958977614
0.8833833833833834,0.015098276871702615,0.013578561200505846
0.8858858858858859,0.01513411141629408,0.014946908865876317
0.8883883883883884,0.015173210719110012,0.016319868325897106
0.8908908908908909,0.015215575591658212,0.01768960270233786
0.8933933933933934,0.015261193932816145,0.0190485738679298
0.8958958958958959,0.015310040728830944,0.020389542446365698
0.8983983983983984,0.015362078053319406,0.021705567812299917
0.9009009009009009,0.015417255067267998,0.02299000809134838
0.9034034034034034,0.01547550801903285,0.02423652016008856
0.9059059059059059,0.01553676024433976,0.02543905964605953
0.9084084084084084,0.015600922166284196,0.02659188092776191
0.9109109109109109,0.015667891295331287,0.027689537134657893
0.9134134134134134,0.01573755222931583,0.028726880147171237
0.9159159159159159,0.015809776653442287,0.029699060596687282
0.9184184184184184,0.015884423340284795,0.03060152786555292
0.9209209209209209,0.015961338149787146,0.03143003008707662
0.9234234234234234,0.016040354029262807,0.03218061414552842
0.9259259259259259,0.016121291013394906,0.032849625676139915
0.9284284284284284,0.01620395622423624,0.033433709065104275
0.9309309309309309,0.016288143871209273,0.03392980744957628
0.9334334334334334,0.016373635251106137,0.034335162717672174
0.9359359359359359,0.01646019874808862,0.034647315508469875
0.9384384384384384,0.016547589833688196,0.03486410521200879
0.9409409409409409,0.016635551066805986,0.034983669969290004
0.9434434434434434,0.01672381209371279,0.03500444667227605
0.9459459459459459,0.016812089648049068,0.034925170963891056
0.9484484484484484,0.01690008755082495,0.034744877238020805
0.950950950950951,0.01698749671042023,0.034462898639512546
0.9534534534534534,0.017073995122584368,0.03407886706417508
0.955955955955956,0.0171592478704365,0.03359271315877893
0.9584584584584585,0.017242907124465415,0.033004666321056045
0.960960960960961,0.017324640854896572,0.03231368046370886
0.9634634634634635,0.017404274671284744,0.031518048275366584
0.965965965965966,0.017481638466649674,0.03062661061291662
0.9684684684684685,0.017556568688345476,0.02964889818245349
0.970970970970971,0.017628915896892288,0.028594220895325827
0.9734734734734735,0.017698544765976272,0.027471667868136374
0.975975975975976,0.017765334082449614,0.02629010742274197
0.9784784784784785,0.017829176746330513,0.025058187086253552
0.980980980980981,0.017889979770803192,0.023784333591036176
0.9834834834834835,0.017947664282217907,0.022476752874708992
0.985985985985986,0.01800216552009092,0.021143430080145256
0.9884884884884885,0.018053432837104522,0.019792129555472316
0.990990990990991,0.018101429699107028,0.018430394854071643
0.9934934934934935,0.018146133685112767,0.017065548734578804
0.995995995995996,0.018187536487302095,0.015704693160883465
0.9984984984984985,0.01822564391102139,0.014354709302129402
1.001001001001001,0.018260475874783053,0.013022257532714427
1.0035035035035036,0.018292066410265498,0.011713777432290642
1.006006006006006,0.01832046366231317,0.010435487785764072
1.0085085085085086,0.018345729888936534,0.00919338658329491
1.011011011011011,0.018367941461312067,0.007993251020297434
1.0135135135135136,0.018387188863782284,0.006840637497440041
1.016016016016016,0.018403576693855707,0.00574088162064525
1.0185185185185186,0.018417223662206886,0.00469909820108964
1.021021021021021,0.018428262592676395,0.00372018125520392
1.0235235235235236,0.018436840422270825,0.002808804004672899
1.026026026026026,0.01844311820116279,0.001969418876435508
1.0285285285285286,0.018447271092690926,0.0012062575026847364
1.031031031031031,0.01844948837335989,0.000523330720867729
1.0335335335335336,0.018449973432840366,-7.557142631432062e-05
1.0360360360360361,0.018448943773969047,-0.00058687969090606
1.0385385385385386,0.01844663101274866,-0.0010072456196980467
1.0410410410410411,0.018443280878347946,-0.00133354155422679
1.0435435435435436,0.018439153213101675,-0.0015628606307746123
1.0460460460460461,0.018434521972510626,-0.0016925167803697946
1.0485485485485486,0.018429675225241617,-0.0017200447287864726
1.0510510510510511,0.018424915153127473,-0.0016431999965447128
1.0535535535535536,0.018420558051167046,-0.0014599588989104711
1.0560560560560561,0.01841693432752521,-0.0011685185458955513
1.0585585585585586,0.01841438790120771,-0.0007672502624574831
1.0610610610610611,0.01841319106783374,-0.00025220521334357005
1.0635635635635636,0.018413553276790798,0.0003723994935529247
1.0660660660660661,0.01841569330151455,0.0010981060760633706
1.0685685685685686,0.0184198150403575,0.0019165927294428984
1.0710710710710711,0.018426107516588987,0.0028196736263703995
1.0735735735735736,0.018434744878395182,0.0037992989169485262
1.0760760760760761,0.018445886398879077,0.004847554728703694
1.0785785785785786,0.01845967647606051,0.005956663166586077
1.0810810810810811,0.018476244632876147,0.007118982312969611
1.0835835835835836,0.018495705517179478,0.008327006227651996
1.0860860860860861,0.018518158901740838,0.009573364947854688
1.0885885885885886,0.018543689684247383,0.010850824488222905
1.0910910910910911,0.018572367887303105,0.01215228684082563
1.0935935935935936,0.01860424865842883,0.013470789975155604
1.0960960960960962,0.01863937227006221,0.014799507838129335
1.0985985985985987,0.018677764119557738,0.016131750354087086
1.1011011011011012,0.018719434729186732,0.017460963424792877
1.1036036036036037,0.01876437974613734,0.018780728929434495
1.1061061061061062,0.018812579942514552,0.020084764724623495
1.1086086086086087,0.01886400121534018,0.02136692464439519
1.1111111111111112,0.018918594586552873,0.02262119850020862
1.1136136136136137,0.01897629620300811,0.023841712080946653
1.1161161161161162,0.0190370273364782,0.025022727152915862
1.1186186186186187,0.019100694383652292,0.026158641459846598
1.1211211211211212,0.01916718886613636,0.027243988722892992
1.1236236236236237,0.019236387430453205,0.02827343864063291
1.1261261261261262,0.019308151848042472,0.02924179688906798
1.1286286286286287,0.01938232901526063,0.030144005121623622
1.1311311311311312,0.019458750953380986,0.030975140969148968
1.1336336336336337,0.01953723480859367,0.03173041803991697
1.1361361361361362,0.019617582852005655,0.032405185919624276
1.1386386386386387,0.019699582479640737,0.032994930171391344
1.1411411411411412,0.019783006212439544,0.0334952723357624
1.1436436436436437,0.01986761169625954,0.03390196993070536
1.1461461461461462,0.019953141701875024,0.03421091645161199
1.1486486486486487,0.020039324124977123,0.03441814137129778
1.1511511511511512,0.02012587198617379,0.034519810140001946
1.1536536536536537,0.020212483430989817,0.034512224185387526
1.1561561561561562,0.02029884172986683,0.03439182091254127
1.1586586586586587,0.02038463053110466,0.03415454495183639
1.1611611611611612,0.020469596150257962,0.03379913063754314
1.1636636636636637,0.02055347521116069,0.03333211112012939
1.1661661661661662,0.020636015061286376,0.03276047547761424
1.1686686686686687,0.02071697822292848,0.03209116585340129
1.1711711711711712,0.020796142393200417,0.03133107745627862
1.1736736736736737,0.020873300444035535,0.03048705856041876
1.1761761761761762,0.02094826042218714,0.02956591050537875
1.1786786786786787,0.02102084554922847,0.028574387696100073
1.1811811811811812,0.02109089422155272,0.027519197602908704
1.1836836836836837,0.02115826001037302,0.026407000761515094
1.1861861861861862,0.02122281166172245,0.025244410773014158
1.1886886886886887,0.021284433096454027,0.024037994303885292
1.1911911911911912,0.021343023410240722,0.022794271085992378
1.1936936936936937,0.021398496873575444,0.021519713916583753
1.1961961961961962,0.02145078293177105,0.020220748658292247
1.1986986986986987,0.02149982620496034,0.018903754239135158
1.2012012012012012,0.02154558648809606,0.01757506265251425
1.2037037037037037,0.021588038750950896,0.01624095895721577
1.2062062062062062,0.021627173138117482,0.014907681277410458
1.2087087087087087,0.021662994969008396,0.013581420802653503
1.2112112112112112,0.021695524737856162,0.012268321787884562
1.2137137137137137,0.02172479811371325,0.010974481553427815
1.2162162162162162,0.021750865940452065,0.009705950484991854
1.2187187187187187,0.021773794236764968,0.008468732033669803
1.2212212212212212,0.02179366419616426,0.007268782715939209
1.2237237237237237,0.021810572186982184,0.0061120121136621595
1.2262262262262262,0.021824629752370928,0.005004282874085133
1.2287287287287287,0.02183596361030263,0.003951410709839169
1.2312312312312312,0.02184471565356937,0.0029591643989397287
1.2337337337337337,0.021851042949783163,0.0020332657847867627
1.2362362362362362,0.021855117741375985,0.0011793897761646702
1.2387387387387387,0.021857127445599745,0.000403164347242399
1.2412412412412412,0.0218572746545263,-0.0002898294624267203
1.2437437437437437,0.021855777135047456,-0.0008940575479048016
1.2462462462462462,0.02185286782887495,-0.0014040327388695553
1.2487487487487487,0.021848794852540477,-0.0018143147996141362
1.2512512512512513,0.02184382149739567,-0.0021195104290473166
1.2537537537537538,0.02183822622961211,-0.002314273260693299
1.2562562562562563,0.021832302420361046,-0.002393287732063862
1.2587587587587588,0.02182633495048146,-0.0023521453193091164
1.2612612612612613,0.02182061670037706,-0.002193930297181791
1.2637637637637638,0.021815441185240526,-0.0019239929512028034
1.2662662662662663,0.021811086917322198,-0.0015477271335398233
1.2687687687687688,0.02180781740593006,-0.001070570263007275
1.2712712712712713,0.021805881157429746,-0.000498003325066337
1.2737737737737738,0.021805511675244534,0.00016444912817505965
1.2762762762762763,0.02180692745985535,0.0009112189779622291
1.2787787787787788,0.021810332008800774,0.0017366945388937322
1.2812812812812813,0.021815913816677034,0.0026352205589213794
1.2837837837837838,0.021823846375137994,0.00360109821935022
1.2862862862862863,0.021834288172895185,0.004628585134838558
1.2887887887887888,0.02184738269571777,0.005711895353397936
1.2912912912912913,0.021863258426432563,0.006845199356393151
1.2937937937937938,0.02188202884492404,0.00802262405854224
1.2962962962962963,0.0219037924281343,0.009238252807916488
1.2987987987987988,0.021928632650063114,0.01048612538594043
1.3013013013013013,0.02195661798176789,0.011760238007391836
1.3038038038038038,0.02198780189136369,0.013054543320401743
1.3063063063063063,0.022022222844023207,0.014362950406454411
1.3088088088088088,0.022059904301976806,0.015679324780387364
1.3113113113113113,0.022100854724512484,0.016997488390391367
1.3138138138138138,0.022145067567975893,0.018311219618010414
1.3163163163163163,0.022192521285770334,0.019614253278141786
1.3188188188188188,0.022243179328356746,0.02090028061903596
1.3213213213213213,0.022296990143253727,0.022162949322296704
1.3238238238238238,0.02235388717503752,0.02339586350288101
1.3263263263263263,0.022413788865342014,0.024592583709099117
1.3288288288288288,0.02247659865285875,0.025746626922614507
1.3313313313313313,0.022542204973336914,0.026851466558443934
1.3338338338338338,0.02261048125958334,0.02790053246495735
1.3363363363363363,0.022681285941462508,0.028887210923878005
1.3388388388388388,0.022754462445896552,0.029804844650282353
1.3413413413413413,0.022829839196865254,0.030646732792600127
1.3438438438438438,0.022907229615406036,0.03140613093261431
1.3463463463463463,0.02298643211961398,0.032076251085461076
1.3488488488488488,0.0230672301246418,0.0326502616996299
1.3513513513513513,0.023149392042699876,0.03312128765696352
1.3538538538538538,0.02323267128305622,0.033482410272657824
1.3563563563563563,0.02331680499224608,0.03372713081909745
1.3588588588588588,0.023401489882289787,0.03385476619129979
1.3613613613613613,0.023486402054613234,0.033868697742428566
1.3638638638638638,0.023571230916701574,0.033772514535809046
1.3663663663663663,0.023655680240956246,0.03356993834887938
1.3688688688688688,0.023739468164694976,0.033264823673190565
1.3713713713713713,0.023822327190151787,0.03286115771440652
1.3738738738738738,0.023904004184476975,0.03236306039230402
1.3763763763763763,0.023984260379737134,0.03177478434077272
1.3788788788788788,0.024062871372915143,0.031100714907815158
1.3813813813813813,0.024139627125910165,0.030345370155546742
1.3838838838838838,0.024214331965537655,0.029513400860195767
1.3863863863863863,0.024286804583529355,0.028609590512103406
1.3888888888888888,0.02435687803653329,0.027638855315723715
1.3913913913913913,0.024424399746113778,0.026606244189623613
1.3938938938938938,0.024489231498751422,0.02551693876648292
1.3963963963963963,0.02455124944584311,0.02437625339309431
1.3988988988988988,0.024610344103702025,0.023189635130363363
1.4014014014014013,0.02466642035355763,0.021962663753308513
1.4039039039039038,0.024719397441555678,0.020701051751061093
1.4064064064064064,0.024769208978758207,0.019410644326865296
1.4089089089089089,0.024815802941143553,0.018097419398078216
1.4114114114114114,0.024859141669606327,0.016767487596169795
1.4139139139139139,0.02489920186995743,0.01542709226672289
1.4164164164164164,0.024935974612924055,0.01408260946943321
1.4189189189189189,0.02496946533414968,0.012740547978109362
1.4214214214214214,0.02499969383419407,0.0114075492806728
1.4239239239239239,0.025026694278533282,0.010090387579157901
1.4264264264264264,0.025050515197559655,0.008795969789711887
1.4289289289289289,0.025071219486581812,0.0075313355425948615
1.4314314314314314,0.025088884405824675,0.006303657182179838
1.4339339339339339,0.025103601580429444,0.005120239766952667
1.4364364364364364,0.02511547700045361,0.003988521069512106
1.4389389389389389,0.025124631020870952,0.0029160715765697842
1.4414414414414414,0.025131198361571537,0.0019105944889501944
1.4439439439439439,0.025135328107361715,0.000979925721590738
1.4464464464464464,0.02513718370796413,0.00013203390354167566
1.4489489489489489,0.025136942978017707,-0.0006249796220338735
1.4514514514514514,0.025134798097077665,-0.0012828807978598408
1.4539539539539539,0.025130955867013763,-0.0018333326569881137
1.4564564564564564,0.025125681089775823,-0.002272095317271393
1.4589589589589589,0.025119313867307147,-0.0026006408339645684
1.4614614614614614,0.025112186269565774,-0.0028205557275209174
1.4639639639639639,0.025104617086071306,-0.0029336442558954116
1.4664664664664664,0.025096911825904896,-0.0029419284145447136
1.468968968968969,0.025089362717709243,-0.0028476479364271806
1.4714714714714714,0.025082248709688604,-0.0026532602920028604
1.473973973973974,0.025075835469608794,-0.0023614406892334943
1.4764764764764764,0.025070375384797172,-0.001975082073582517
1.478978978978979,0.025066107562142656,-0.001497295128015056
1.4814814814814814,0.025063257828095712,-0.0009314082729979273
1.483983983983984,0.025062038728668364,-0.00028096766649964825
1.4864864864864864,0.025062649529434183,0.0004502627960095832
1.488988988988989,0.0250652762155283,0.0012583014815578612
1.4914914914914914,0.025070091491647396,0.0021389490196716066
1.493993993993994,0.025077254782049703,0.0030877883023755284
1.4964964964964964,0.025086912230555012,0.004100184484192654
1.498998998998999,0.025099196700544654,0.005171284982144313
1.5015015015015014,0.025114227774961532,0.006296019475750149
1.504004004004004,0.025132111756310083,0.0074690999070281105
1.5065065065065064,0.025152941666656308,0.008685020480494446
1.509009009009009,0.02517679724762776,0.00993805766316372
1.5115115115115114,0.025203744960413544,0.011222270184548808
1.514014014014014,0.025233837985764316,0.012531499036660872
1.5165165165165164,0.025267116223992286,0.013859367474009406
1.519019019019019,0.02530360629497122,0.015199281013602194
1.5215215215215214,0.025343321538136433,0.01654442743494535
1.524024024024024,0.02538626201248479,0.017887776780043246
1.5265265265265264,0.025432414496574723,0.019222081353398646
1.529029029029029,0.0254817524885262,0.020539875722012532
1.5315315315315314,0.025534236206020747,0.02183347671538423
1.534034034034034,0.025589812586301455,0.02309498342551139
1.5365365365365364,0.02564841528617295,0.024316277206889968
1.539039039039039,0.025709964682001422,0.02548902167651419
1.5415415415415414,0.025774367869714612,0.026604662713876615
1.544044044044044,0.025841518664801815,0.027654428460968102
1.5465465465465464,0.025911297602313872,0.02862932932227786
1.549049049049049,0.025983571936863185,0.029520157964793313
1.5515515515515514,0.02605819564262371,0.030317489318000324
1.554054054054054,0.026134990523613802,0.03101324923124464
1.5565565565565564,0.026213639563626205,0.03160738210933886
1.559059059059059,0.026293798548531352,0.03209965937679462
1.5615615615615615,0.026375137214708046,0.032489830922762836
1.564064064064064,0.026457337081878328,0.03277794263117758
1.5665665665665665,0.02654009145310746,0.03296433638075607
1.569069069069069,0.026623105414803925,0.033049650044998644
1.5715715715715715,0.026706095836719436,0.03303481749218881
1.574074074074074,0.026788791371948933,0.03292106858539321
1.5765765765765765,0.02687093245693057,0.03270992918246162
1.579079079079079,0.02695227131144574,0.03240322113602698
1.5815815815815815,0.027032571938619052,0.03200306229350535
1.584084084084084,0.02711161012491834,0.03151186649709595
1.5865865865865865,0.027189173440154667,0.03093234358378114
1.589089089089089,0.02726506123748232,0.030267499385326427
1.5915915915915915,0.02733908465339881,0.02952063572828045
1.594094094094094,0.027411066607744873,0.028695350433975007
1.5965965965965965,0.02748084180370447,0.027795537318525028
1.599099099099099,0.027548256727804785,0.02682538619282859
1.6016016016016015,0.027613169649916232,0.025789382862566906
1.6041041041041042,0.027675450623252454,0.024692309128204262
1.6066066066066067,0.027734981484370296,0.023539242784988347
1.6091091091091092,0.027791655853169853,0.02233555762294972
1.6116116116116117,0.027845379132894435,0.021086923426902188
1.6141141141141142,0.02789606851013058,0.019799305976442666
1.6166166166166167,0.027943652954808048,0.018478967045951266
1.6191191191191192,0.027988073220199822,0.017132464404591194
1.6216216216216217,0.028029281842922117,0.015766651816308833
1.6241241241241242,0.028067243142934368,0.01438867903983368
1.6266266266266267,0.02810193322353923,0.01300599182867843
1.6291291291291292,0.0281333399713826,0.011626331931138843
1.6316316316316317,0.028161463056453583,0.010257737090293886
1.6341341341341342,0.02818631393208451,0.008908541044005649
1.6366366366366367,0.028207915834950952,0.0075873735249193525
1.6391391391391392,0.028226303785071686,0.006303160260463389
1.6416416416416417,0.02824152458580873,0.005065122972849258
1.6441441441441442,0.028253636823867313,0.003882779379071638
1.6466466466466467,0.0282627108692959,0.002765943190908341
1.6491491491491492,0.028268828875486172,0.0017247241149203098
1.6516516516516517,0.028272085717482718,0.0007694408652108859
1.6541541541541542,0.028272695813680075,-9.642337971229806e-05
1.6566566566566567,0.02827100439149355,-0.0008724403055610898
1.6591591591591592,0.028267341169229406,-0.0015562402684821297
1.6616616616616617,0.028262025945180656,-0.0021458186787108096
1.6641641641641642,0.028255368597627045,-0.0026395360005712775
1.6666666666666667,0.028247669084835045,-0.0030361177524764315
1.6691691691691692,0.02823921744505788,-0.0033346545069279287
1.6716716716716717,0.028230293796535508,-0.003534601890516172
1.6741741741741742,0.028221168337494617,-0.003635780583920321
1.6766766766766767,0.028212101346148637,-0.003638376321908292
1.6791791791791792,0.028203343180697747,-0.003542939893336751
1.6816816816816818,0.02819513427932884,-0.0033503871411511158
1.6841841841841843,0.02818770516021557,-0.0030619989623855634
1.6866866866866868,0.028181276421518315,-0.002679421308163016
1.6891891891891893,0.02817605874138419,-0.0022046651836951582
1.6916916916916918,0.028172252877947054,-0.0016401066482824183
1.6941941941941943,0.028170049669327502,-0.0009884868153139873
1.6966966966966968,0.02816963003363286,-0.00025291185226780405
1.6991991991991993,0.028171164968957208,0.000563147019289438
1.7017017017017018,0.028174815553381343,0.0014558535237022899
1.7042042042042043,0.028180732944972812,0.002421006331226559
1.7067067067067068,0.028189058381785894,0.0034540390580292835
1.7092092092092093,0.02819992318186161,0.00455002026618876
1.7117117117117118,0.02821344874322772,0.005703653463694528
1.7142142142142143,0.028229746543898714,0.006909277104447371
1.7167167167167168,0.02824891814187583,0.008160864588259327
1.7192192192192193,0.028271055175147025,0.00945202426085368
1.7217217217217218,0.028296239361687014,0.010775999413864938
1.7242242242242243,0.028324542499457244,0.0121256682848389
1.7267267267267268,0.028356026466405893,0.01349354405723256
1.7292292292292293,0.02839074322046788,0.014871774860414206
1.7317317317317318,0.028428734799564866,0.016252143769663337
1.7342342342342343,0.028470033321605238,0.017626068806170715
1.7367367367367368,0.028514660984484137,0.01898460293703835
1.7392392392392393,0.028562630066083426,0.020318434075279508
1.7417417417417418,0.028613942924271718,0.021617885079818655
1.7442442442442443,0.02866859199690435,0.022872913755491563
1.7467467467467468,0.028726559801823415,0.024073112853045215
1.7492492492492493,0.028787818936857723,0.02520771006913786
1.7517517517517518,0.02885229667479581,0.026268110204286085
1.7542542542542543,0.02891970009481571,0.027254833607920498
1.7567567567567568,0.028989707340837542,0.028164031352339372
1.7592592592592593,0.02906200914045018,0.028991647952633218
1.7617617617617618,0.029136303969737116,0.029734050693356946
1.7642642642642643,0.029212298053276457,0.030388029628529895
1.7667667667667668,0.02928970536414093,0.030950797581635797
1.7692692692692693,0.029368247623897857,0.0314199901456228
1.7717717717717718,0.0294476543026092,0.03179366568290346
1.7742742742742743,0.029527662618831513,0.03207030532535475
1.7767767767767768,0.02960801753961598,0.032248812974318045
1.7792792792792793,0.029688471780508388,0.032328515300599124
1.7817817817817818,0.02976878580554914,0.032309161744468184
1.7842842842842843,0.029848727827273262,0.03219092451565984
1.7867867867867868,0.029928073806710385,0.031974398593373095
1.7892892892892893,0.030006607453384758,0.03166060172627139
1.7917917917917918,0.030084120225315238,0.03125097443248254
1.7942942942942943,0.030160411329015303,0.030747379999598798
1.7967967967967968,0.030235287719493045,0.03015210448467682
1.7992992992992993,0.030308564100251165,0.02946785671423767
1.8018018018018018,0.030380062923286984,0.028697768284266817
1.8043043043043043,0.03044961438909243,0.02784539356021414
1.8068068068068068,0.030517056446654058,0.026914709676993942
1.8093093093093093,0.03058223479345302,0.025910116538984913
1.8118118118118118,0.03064500287546509,0.02483643682003018
1.8143143143143143,0.030705221887160662,0.02369891596343724
1.8168168168168168,0.030762760771504735,0.02250322218197805
1.8193193193193193,0.03081749621995693,0.02125544645788894
1.8218218218218218,0.030869312672471474,0.019962102542870657
1.8243243243243243,0.030918102317497212,0.018630126958088352
1.8268268268268268,0.030963765091977603,0.01726687899417162
1.8293293293293293,0.03100620868135072,0.015880140711214415
1.8318318318318318,0.03104534851954925,0.014478116938775135
1.8343343343343343,0.031081107789000497,0.013069435275876595
1.8368368368368369,0.03111341742062638,0.011663146091005971
1.8393393393393394,0.031142216093843416,0.010268722522114896
1.8418418418418419,0.031167450236562755,0.008896060476619408
1.8443443443443444,0.03118907402519016,0.007555478631399926
1.8468468468468469,0.031207049384626,0.006257718432801311
1.8493493493493494,0.031221347676753854,0.005013796366080023
1.8518518518518519,0.03123210843578412,0.0038259717261227887
1.8543543543543544,0.031239639247194247,0.0026966211697448455
1.8568568568568569,0.03124422689054666,0.0016317757095183566
1.8593593593593594,0.031246152809285062,0.0006369990106365195
1.8618618618618619,0.03124569311073443,-0.0002826126090864243
1.8643643643643644,0.031243118566101017,-0.0011224301792151954
1.8668668668668669,0.03123869461047236,-0.0018782920766934807
1.8693693693693694,0.031232681342817266,-0.0025465040258439223
1.8718718718718719,0.031225333525985825,-0.003123839098368124
1.8743743743743744,0.031216900586709402,-0.0036075377133466587
1.8768768768768769,0.031207626615600642,-0.003995307637239048
1.8793793793793794,0.03119775036715346,-0.0042853239838837875
1.8818818818818819,0.031187505259743065,-0.00447622921449832
1.8843843843843844,0.031177119375625922,-0.004567133137679062
1.8868868868868869,0.031166815460939787,-0.004557612909401387
1.8893893893893894,0.031156810925703698,-0.004447713033019631
1.8918918918918919,0.031147317843817954,-0.0042379453592670865
1.8943943943943944,0.031138542953064147,-0.0039292890862560065
1.896896896896897,0.031130687655105137,-0.003523190759477615
1.8993993993993994,0.031123948015485067,-0.003021564271802087
1.901901901901902,0.031118514763629358,-0.0024267908634785663
1.9044044044044044,0.0311145732928447,-0.0017417191221351528
1.906906906906907,0.03111230366031907,-0.0009696649827789106
1.9094094094094094,0.031111880587121724,-0.00011441172779585746
1.911911911911912,0.031113473458203183,0.0008197900130490045
1.9144144144144144,0.031117246322395254,0.0018282222626117492
1.916916916916917,0.031123357892411028,0.002905699696369451
1.9194194194194194,0.03113196154484486,0.004046569642420256
1.921921921921922,0.031143205320172392,0.005244712081483325
1.9244244244244244,0.031157231922750536,0.0064935396468988795
1.926926926926927,0.031174178720817493,0.0077859976246281454
1.9294294294294294,0.03119417774649273,0.009114563953253422
1.931931931931932,0.031217355695776994,0.010471249223978029
1.9344344344344344,0.031243833928552314,0.011847596680626342
1.936936936936937,0.031273728468582,0.013234682219643745
1.9394394394394394,0.03130715000351062,0.014623114390096696
1.941941941941942,0.03134420388486405,0.016003034393672667
1.9444444444444444,0.03138499012804941,0.01736411608468019
1.946946946946947,0.03142960341235513,0.018695565970048775
1.9494494494494494,0.03147808452730031,0.019989370769105754
1.951951951951952,0.031530199903361186,0.021246492958247258
1.9544544544544544,0.03158568989116089,0.02245990645163983
1.956956956956957,0.03164430425855139,0.023622252617223314
1.9594594594594594,0.031705795531386124,0.02472667022556453
1.961961961961962,0.03176991899352,0.025766795449857285
1.9644644644644644,0.03183643268680933,0.026736761865922363
1.966966966966967,0.03190509741111193,0.027631200452207537
1.9694694694694694,0.031975676724287055,0.028445239589787563
1.971971971971972,0.03204793694219541,0.029174505062364176
1.9744744744744744,0.03212164713869915,0.029815120056266093
1.976976976976977,0.0321965791456619,0.030363705160449016
1.9794794794794794,0.032272507552948734,0.030817378366495632
1.981981981981982,0.03234920970842617,0.03117375506861561
1.9844844844844844,0.03242646571796219,0.031430948063645596
1.986986986986987,0.03250405844542624,0.031587567551049224
1.9894894894894894,0.03258177351268919,0.03164272113291711
1.991991991991992,0.03265939929962341,0.03159601381396686
1.9944944944944945,0.03273672694410267,0.03144754800154305
1.996996996996997,0.03281355034200225,0.03119792350561724
1.9994994994994995,0.03288966614719884,0.030848237538787994
2.002002002002002,0.03296487377157062,0.030400084716280775
2.0045045045045047,0.03303897538499719,0.02985555705594819
2.007007007007007,0.03311177591535964,0.029217243978269695
2.0095095095095097,0.03318308304854048,0.028488232306351776
2.012012012012012,0.033252707228423696,0.027672106265927893
2.0145145145145147,0.033320461656894736,0.026772947485358474
2.017017017017017,0.03338616229384048,0.025795334995630963
2.0195195195195197,0.03344962785714927,0.02474434523035977
2.022022022022022,0.033510679822710915,0.023625552025786277
2.0245245245245247,0.033569142424416665,0.022445026620778866
2.027027027027027,0.033624842654159236,0.021209337656832916
2.0295295295295297,0.03367761026183278,0.019925551178070725
2.032032032032032,0.03372727775533293,0.018601230631241653
2.0345345345345347,0.03377368040055674,0.017244436865721986
2.037037037037037,0.033816656221402765,0.015863728133515016
2.0395395395395397,0.03385604599977096,0.014468160089251031
2.042042042042042,0.03389169327556278,0.013067285790187278
2.0445445445445447,0.033923444346681104,0.01167115569620799
2.047047047047047,0.033951150655760015,0.010290116006916481
2.0495495495495497,0.033974860937722264,0.008924917532945763
2.052052052052052,0.03399480700165849,0.007579674828549783
2.0545545545545547,0.0340111974163946,0.0062633349560347355
2.057057057057057,0.03402424065665535,0.004984332976495302
2.0595595595595597,0.034034145103064316,0.0037505919498146455
2.062062062062062,0.03404111904214387,0.00256952293466442
2.0645645645645647,0.03404537066631525,0.0014480249885047564
2.067067067067067,0.03404710807389848,0.0003924851675842743
2.0695695695695697,0.03404653926911242,-0.0005912214730599205
2.0720720720720722,0.034043872162074766,-0.0014977318796022387
2.0745745745745747,0.03403931456880202,-0.0023221949994286055
2.0770770770770772,0.03403307421120952,-0.0030602717811364644
2.0795795795795797,0.034025358717111404,-0.00370813517453477
2.0820820820820822,0.034016375620220675,-0.004262470130643993
2.0845845845845847,0.03400633236014911,-0.004720473601696123
2.0870870870870872,0.03399543628240735,-0.005079854541134663
2.0895895895895897,0.033983894638404843,-0.005338833903614625
2.0920920920920922,0.03397191458544985,-0.005496144645002546
2.0945945945945947,0.03395970318674947,-0.005551031722376476
2.0970970970970972,0.033947467411409624,-0.005503252094025968
2.0995995995995997,0.03393541413443506,-0.005353074719452098
2.1021021021021022,0.03392375013672932,-0.005101280559367472
2.1046046046046047,0.03391268210509481,-0.004749162575696193
2.1071071071071072,0.033902416632232736,-0.004298525731573884
2.1096096096096097,0.03389316021674313,-0.00375168699134768
2.1121121121121122,0.033885119263124854,-0.0031114753205762347
2.1146146146146148,0.033878500081775585,-0.0023812316860297323
2.1171171171171173,0.03387350888899183,-0.0015648090556898368
2.1196196196196198,0.033870351806968915,-0.0006665723987497544
2.1221221221221223,0.03386923486380099,0.00030860131438579033
2.1246246246246248,0.03387036399348102,0.0013553231121005878
2.1271271271271273,0.03387394503590081,0.0024676920215668755
2.1296296296296298,0.03388018373685099,0.003639295068745391
2.1321321321321323,0.03388928574802099,0.004863207278385384
2.1346346346346348,0.03390145662699908,0.006131991674024552
2.1371371371371373,0.033916901837272355,0.007437699277989077
2.1396396396396398,0.03393582674822672,0.008771869111393634
2.1421421421421423,0.033958436635146916,0.010125528194141415
2.1446446446446448,0.0339849366792165,0.011489191544924043
2.1471471471471473,0.034015475606004375,0.01285643728012656
2.1496496496496498,0.034049907629402826,0.014228480181451439
2.1521521521521523,0.03408806739676827,0.015595962607993341
2.1546546546546548,0.03412979447063308,0.01694913124014585
2.1571571571571573,0.03417492584088709,0.018278743447825103
2.15965965965966,0.034223295924777575,0.019576067290469797
2.1621621621621623,0.03427473656690927,0.020832881517041196
2.164664664664665,0.03432907703924437,0.022041475566023108
2.1671671671671673,0.034386144041102525,0.0231946495654219
2.16966966966967,0.034445761699160825,0.024285714332766512
2.1721721721721723,0.03450775156745384,0.025308491375108426
2.174674674674675,0.034571932627373576,0.026257312889021674
2.1771771771771773,0.03463812128766949,0.027127021760602867
2.17967967967968,0.03470613138444852,0.027912971565471158
2.1821821821821823,0.03477577418117504,0.02861102656876827
2.184684684684685,0.03484685836867087,0.029217561725158474
2.1871871871871873,0.03491919006511531,0.029729462678828596
2.18968968968969,0.0349925728160451,0.03014412576348802
2.1921921921921923,0.035066807594354425,0.03045945800236871
2.194694694694695,0.035141692800294944,0.030673877108225157
2.1971971971971973,0.035217024261475764,0.03078631148333441
2.1996996996997,0.03529259523286345,0.030796200219496105
2.2022022022022023,0.03536819639678201,0.030703493098032414
2.204704704704705,0.03544361586291292,0.030508650589788064
2.2072072072072073,0.03551863916829511,0.030212643855130346
2.20970970970971,0.035593049277324956,0.029816954743949117
2.2122122122122123,0.035666626581756296,0.02932357579565677
2.214714714714715,0.03573914890070043,0.028735010239188275
2.2172172172172173,0.03581039148062609,0.02805427199300115
2.21971971971972,0.035880126995359495,0.02728488566507547
2.2222222222222223,0.03594812554608428,0.02643088655291387
2.224724724724725,0.03601415466134158,0.025496820643541557
2.2272272272272273,0.03607797929702994,0.02448774461350625
2.22972972972973,0.0361393618364054,0.023409225828878305
2.2322322322322323,0.03619806209008142,0.022267342345250525
2.234734734734735,0.03625383729602895,0.021068682907738376
2.2372372372372373,0.03630644211957636,0.019820346950979843
2.23973973973974,0.036355628653409494,0.01852994459913542
2.2422422422422423,0.03640114641757166,0.01720559666588825
2.244744744744745,0.03644274257434397,0.015855684323705307
2.2472472472472473,0.03648026028521191,0.01447882379368859
2.24974974974975,0.036513794738682784,0.01308017875849644
2.2522522522522523,0.03654348341815507,0.01167058962912049
2.254754754754755,0.036569466681388475,0.010260401300935362
2.2572572572572573,0.036591887760503934,0.008859463153698682
2.25975975975976,0.03661089276198362,0.007477129051551058
2.2622622622622623,0.03662663066667092,0.0061222573430160954
2.264764764764765,0.036639253329770465,0.0048032108610003964
2.2672672672672673,0.036648915480848095,0.0035278569227935493
2.26976976976977,0.03665577472383089,0.002303567330068144
2.2722722722722724,0.03665999153700717,0.001137218368879752
2.274774774774775,0.036661729273026473,3.5190809666952455e-05
2.2772772772772774,0.036661154158899555,-0.0009966300927486994
2.27977977977978,0.03665843529599842,-0.001952854599162633
2.2822822822822824,0.036653744660056296,-0.002828588485987306
2.284784784784785,0.036647257101167625,-0.0036194330452521788
2.2872872872872874,0.0366391503437881,-0.004321485084603702
2.28978978978979,0.03662960498673462,-0.0049313369273053555
2.2922922922922924,0.03661880450318533,-0.005446076412237613
2.294794794794795,0.03660693524067961,-0.005863286893897961
2.2972972972972974,0.03659418642111804,-0.006181047242400886
2.2997997997998,0.03658075014076245,-0.006397931843477877
2.3023023023023024,0.03656682137023591,-0.006513010598477458
2.304804804804805,0.03655259795452268,-0.006525848924365127
2.3073073073073074,0.036538280612968294,-0.006436507753723397
2.30980980980981,0.03652407293927948,-0.006245543534751805
2.3123123123123124,0.03651018140152421,-0.005954008231266877
2.314814814814815,0.036496815342131686,-0.005563449322702141
2.3173173173173174,0.03648418697789234,-0.0050759098041081654
2.31981981981982,0.036472511399957816,-0.004493928186152494
2.3223223223223224,0.036462006573841015,-0.0038205384951196728
2.324824824824825,0.03645289333941604,-0.0030592702729112797
2.3273273273273274,0.036445395410918235,-0.0022141485770458685
2.32982982982983,0.03643973937694417,-0.001289693980659052
2.3323323323323324,0.03643615470045165,-0.00029092257250340134
2.334834834834835,0.03643487371875971,0.0007766540430515015
2.3373373373373374,0.0364361316435486,0.0019070287460190329
2.33983983983984,0.036440166560859806,0.0030936989007956297
2.3423423423423424,0.03644721943109605,0.004329666356160616
2.344844844844845,0.03645753408902127,0.005607437445276428
2.3473473473473474,0.036471357243760646,0.0069190229856884115
2.34984984984985,0.036488938478800574,0.008255938279324916
2.3523523523523524,0.036510530251988686,0.009609203112497328
2.354854854854855,0.03653628878152628,0.010972046889490637
2.3573573573573574,0.036565902015683056,0.01234533703852228
2.35985985985986,0.03659920916666147,0.013719804254747694
2.3623623623623624,0.03663607862143319,0.015085464096268104
2.364864864864865,0.036676374326423684,0.016432838768964314
2.3673673673673674,0.0367199557875122,0.0177529571264967
2.36986986986987,0.036766678070031776,0.019037354670305207
2.3723723723723724,0.036816391798769235,0.02027807354960936
2.374874874874875,0.03686894315796519,0.021467662561408255
2.3773773773773774,0.03692417389131404,0.022599177150480553
2.37987987987988,0.03698192130196398,0.0236661794093845
2.3823823823823824,0.03704201825251699,0.02466273807845791
2.384884884884885,0.03710429316502882,0.02558342854581817
2.3873873873873874,0.037168570021009026,0.026423332847362244
2.38988988988989,0.037234668361420954,0.027178039666766657
2.3923923923923924,0.037302403286681725,0.02784364433548752
2.394894894894895,0.03737158545666225,0.028416748832760512
2.3973973973973974,0.03744202109068724,0.02889446178560088
2.3998998998999,0.03751351196753519,0.02927439846880346
2.4024024024024024,0.037585855425438366,0.029554680804942654
2.404904904904905,0.03765884436208283,0.029733937364372416
2.4074074074074074,0.03773226723460846,0.029811303365226312
2.40990990990991,0.037805908059608866,0.02978642067341744
2.4124124124124124,0.037879546413131494,0.0296594378026385
2.414914914914915,0.037952957430677565,0.029431009914361768
2.4174174174174174,0.03802591180720208,0.02910229881783906
2.41991991991992,0.03809817579711382,0.028674972970101804
2.4224224224224224,0.03816951121427538,0.028151207475960983
2.424924924924925,0.038239675432003115,0.027533684088007146
2.4274274274274275,0.038308421383067184,0.026825591206610412
2.42992992992993,0.03837549755969154,0.026030623879920528
2.4324324324324325,0.0384406480135539,0.02515298380386671
2.434934934934935,0.038503612355785796,0.024197379322157857
2.4374374374374375,0.038564125756972524,0.023169025426282346
2.43993993993994,0.03862191894715318,0.022073643755508226
2.4424424424424425,0.03867671821582065,0.020917462596883027
2.444944944944945,0.038728245411921595,0.019707216885233903
2.4474474474474475,0.03877622172344392,0.01845011793181089
2.44994994994995,0.038820756520029004,0.01715125924825055
2.4524524524524525,0.03886197750824508,0.01581752169175801
2.454954954954955,0.03889982346306874,0.014457586214250667
2.4574574574574575,0.038934250119252195,0.013079918823631357
2.45995995995996,0.038965230171323216,0.011692770583788353
2.4624624624624625,0.03899275327358516,0.010304177614595364
2.464964964964965,0.039016826040116984,0.008921961091911547
2.4674674674674675,0.03903747204477321,0.007553727247581491
2.46996996996997,0.03905473182118396,0.006206867369435225
2.4724724724724725,0.039068662862754934,0.004888557801288223
2.474974974974975,0.03907933962266741,0.003605759942941388
2.4774774774774775,0.03908685351387826,0.002365220250181075
2.47997997997998,0.03909131290911994,0.001173470234779074
2.4824824824824825,0.03909284314090049,3.682646449260432e-05
2.484984984984985,0.03909158650150352,-0.0010386094369356606
2.4874874874874875,0.03908770224298824,-0.0020469507897776136
2.48998998998999,0.039081366577189455,-0.002982525858319717
2.4924924924924925,0.03907277267571753,-0.0038398778508629793
2.494994994994995,0.03906213066995842,-0.004613764919722974
2.4974974974974975,0.03904966765107368,-0.005299160161229843
2.5,0.039035627670000426,-0.0058912516157282775
